stitle,qseqid,sseqid,sstart,send,sstrand,evalue,sseq,length,btop
BW2952,efeU,BW2952,983547,984376,plus,0.0,ATGTTTGTTCCGTTTCTCATTATGTTGCGCGAAGGACTTGAAGCCGCGCTGATTGTCAGTTTGATTGCCAGCTATCTTAAGCGTACCCAGCGAGGCCGATGGATTGTGTGATGTGGATTGGCGTGTTGCTTGCCGCTGCGTTGTGCCTGGGCTTGGGTATCTTCATTAACGAAACCACCGGCGAATTTCCGCAAAAAGAACAGGAACTGTTTGAAGGTATCGTGGCGGTGATCGCCGTGGTGATCCTTACCTGGATGGTTTTCTGGATGCGCAAAGTGTCGCGCAACGTCAAAGTGCAACTGGAACAGGCAGTCGATAGCGCATTGCAGCGTGGAAATCATCATGGCTGGGCGCTGGTGATGATGGTCTTTTTTGCCGTTGCAAGGGAAGGGCTGGAGTCGGTCTTTTTCCTGCTGGCGGCATTTCAACAAGATGTCGGGATCTGGCCGCCGCTGGGTGCAATGCTCGGTCTTGCTACTGCCGTGGTGCTAGGCTTCCTGCTCTACTGGGGCGGTATTCGCCTCAATCTTGGTGCATTTTTTAAATGGACCAGCCTGTTTATTCTCTTCGTCGCCGCAGGGCTGGCAGCTGGTGCCATTCGCGCATTTCATGAAGCCGGATTGTGGAACCACTTTCAGGAAATCGCCTTCGATATGAGTGCGGTGCTCTCAACTCACTCGCTGTTTGGCACGCTGATGGAAGGGATTTTTGGCTATCAGGAAGCGCCGAGCGTCAGCGAAGTCGCCGTCTGGTTTATTTATCTCATCCCGGCGCTGGTGGCATTTGCTCTGCCACCACGCGCAGGGGCGACAGCGTCTCGCTCCGCGTAA,830,830
MG1655,efeU,MG1655,1081356,1082185,plus,0.0,ATGTTTGTTCCGTTTCTCATTATGTTGCGCGAAGGACTTGAAGCCGCGCTGATTGTCAGTTTGATTGCCAGCTATCTTAAGCGTACCCAGCGAGGCCGATGGATTGTGTGATGTGGATTGGCGTGTTGCTTGCCGCTGCGTTGTGCCTGGGCTTGGGTATCTTCATTAACGAAACCACCGGCGAATTTCCGCAAAAAGAACAGGAACTGTTTGAAGGTATCGTGGCGGTGATCGCCGTGGTGATCCTTACCTGGATGGTTTTCTGGATGCGCAAAGTGTCGCGCAACGTCAAAGTGCAACTGGAACAGGCAGTCGATAGCGCATTGCAGCGTGGAAATCATCATGGCTGGGCGCTGGTGATGATGGTCTTTTTTGCCGTTGCAAGGGAAGGGCTGGAGTCGGTCTTTTTCCTGCTGGCGGCATTTCAACAAGATGTCGGGATCTGGCCGCCGCTGGGTGCAATGCTCGGTCTTGCTACTGCCGTGGTGCTAGGCTTCCTGCTCTACTGGGGCGGTATTCGCCTCAATCTTGGTGCATTTTTTAAATGGACCAGCCTGTTTATTCTCTTCGTCGCCGCAGGGCTGGCAGCTGGTGCCATTCGCGCATTTCATGAAGCCGGATTGTGGAACCACTTTCAGGAAATCGCCTTCGATATGAGTGCGGTGCTCTCAACTCACTCGCTGTTTGGCACGCTGATGGAAGGGATTTTTGGCTATCAGGAAGCGCCGAGCGTCAGCGAAGTCGCCGTCTGGTTTATTTATCTCATCCCGGCGCTGGTGGCATTTGCTCTGCCACCACGCGCAGGGGCGACAGCGTCTCGCTCCGCGTAA,830,830
REL606,efeU,REL606,1097640,1098470,plus,0.0,ATGTTTGTTCCGTTTCTCATTATGTTGCGCGAAGGACTTGAAGCCGCGCTGATTGTCAGTTTGATTGCCAGCTATCTTAAGCGTACCCAGCGAGGCCGATGGATTGGTGTGATGTGGATTGGCGTGTTGCTTGCCGCTGCGTTGTGCCTGGGCTTGGGTATCTTCATTAACGAAACCACCGGCGAATTTCCGCAAAAAGAACAGGAACTGTTTGAAGGTATCGTGGCGGTGATCGCCGTGGTGATCCTTACCTGGATGGTTTTCTGGATGCGCAAAGTGTCGCGCAACGTCAAAGTACAACTGGAGCAGGCAGTCGATAGCGCATTGCAGCGTGGAAATCATCATGGCTGGGCGCTGGTGATGATGGTCTTTTTTGCCGTTGCAAGGGAAGGGCTGGAGTCGGTCTTTTTCCTGCTGGCGGCATTTCAACAAGATGTCGGGATCTGGCCGCCGCTGGGTGCAATGCTCGGTCTTGCTACTGCCGTGGTGCTAGGCTTCCTGCTCTACTGGGGCGGTATTCGCCTCAATCTTGGTGCATTTTTTAAATGGACCAGCCTGTTTATTCTCTTCGTCGCCGCAGGGCTGGCAGCTGGTGCCATTCGCGCATTTCATGAAGCCGGATTGTGGAACCACTTTCAGGAAATCGCCTTCGATATGAGTGCGGTGCTCTCAACTCACTCGCTGTTTGGCACGCTGATGGAAGGGATTTTTGGCTATCAGGAAGCGCCGAGCGTCAGCGAAGTCGCCGTCTGGTTTATTTATCTCATCCCGGCGCTGGTGGCATTTGCTCTGCCACCACGCGCAGGGGCGACAGCGTCTCGCTCCGCGTAA,831,106-G189GA8AG525
EDL933,efeU,EDL933,1408079,1408909,plus,0.0,ATGTTTGTTCCGTTTCTCATTATGTTGCGCGAAGGACTTGAAGCCGCGCTGATTGTCAGTTTGATTGCCAGCTATCTTAAGCGTACCCAGCGAGGCCGATGGATTGGTGTGATGTGGATTGGCGTGTTGCTTGCCGCTGCGTTGTGCCTGGGCTTGGGGATCTTCATTAACGAAACCACCGGCGAATTTCCGCAAAAAGAGCAGGAACTGTTTGAAGGTATCGTGGCGGTGATCGCCGTGGTGATCCTTACCTGGATGGTTTTCTGGATGCGCAAAGTGTCGCGCAACGTCAAAGTACAACTGGAGCAGGCTGTCGATAGCGCATTGCAGCGTGGAAATCATCATGGCTGGGCGCTGGTGATGATGGTCTTTTTTGCCGTTGCAAGGGAAGGGCTGGAGTCGGTCTTTTTCCTGCTGGCGGCATTTCAACAAGATGTCGGGATCTGGCCGCCGCTGGGTGCAATGCTCGGTCTTGCTACTGCCGTGGTGCTAGGCTTCCTGCTCTACTGGGGCGGTATTCGCCTCAATCTTGGTGCATTTTTTAAATGGACCAGCCTGTTTATTCTCTTCGTCGCCGCAGGGCTGGCAGCTGGTGCCATTCGCGCATTTCATGAAGCCGGATTGTGGAACCACTTTCAGGAAATCGCCTTCGATATGAGTGCGGTGCTCTCAACTCACTCGCTGTTTGGCACGCTGATGGAAGGGATTTTTGGCTATCAGGAAGCGCCGAGCGTCAGCGAAGTCGCCGTCTGGTTTATTTATCTCATCCCGGCGCTGGTGGCATTTGCTCTGCCACCACGCGCAGGGGCGACAGCGTCTCGCTCCGCGTAA,831,106-G51TG41AG95GA8AG5AT519
Sakai,efeU,Sakai,1324449,1325279,plus,0.0,ATGTTTGTTCCGTTTCTCATTATGTTGCGCGAAGGACTTGAAGCCGCGCTGATTGTCAGTTTGATTGCCAGCTATCTTAAGCGTACCCAGCGAGGCCGATGGATTGGTGTGATGTGGATTGGCGTGTTGCTTGCCGCTGCGTTGTGCCTGGGCTTGGGGATCTTCATTAACGAAACCACCGGCGAATTTCCGCAAAAAGAGCAGGAACTGTTTGAAGGTATCGTGGCGGTGATCGCCGTGGTGATCCTTACCTGGATGGTTTTCTGGATGCGCAAAGTGTCGCGCAACGTCAAAGTACAACTGGAGCAGGCTGTCGATAGCGCATTGCAGCGTGGAAATCATCATGGCTGGGCGCTGGTGATGATGGTCTTTTTTGCCGTTGCAAGGGAAGGGCTGGAGTCGGTCTTTTTCCTGCTGGCGGCATTTCAACAAGATGTCGGGATCTGGCCGCCGCTGGGTGCAATGCTCGGTCTTGCTACTGCCGTGGTGCTAGGCTTCCTGCTCTACTGGGGCGGTATTCGCCTCAATCTTGGTGCATTTTTTAAATGGACCAGCCTGTTTATTCTCTTCGTCGCCGCAGGGCTGGCAGCTGGTGCCATTCGCGCATTTCATGAAGCCGGATTGTGGAACCACTTTCAGGAAATCGCCTTCGATATGAGTGCGGTGCTCTCAACTCACTCGCTGTTTGGCACGCTGATGGAAGGGATTTTTGGCTATCAGGAAGCGCCGAGCGTCAGCGAAGTCGCCGTCTGGTTTATTTATCTCATCCCGGCGCTGGTGGCATTTGCTCTGCCACCACGCGCAGGGGCGACAGCGTCTCGCTCCGCGTAA,831,106-G51TG41AG95GA8AG5AT519
TW14359,efeU,TW14359,1266871,1267701,plus,0.0,ATGTTTGTTCCGTTTCTCATTATGTTGCGCGAAGGACTTGAAGCCGCGCTGATTGTCAGTTTGATTGCCAGCTATCTTAAGCGTACCCAGCGAGGCCGATGGATTGGTGTGATGTGGATTGGCGTGTTGCTTGCCGCTGCGTTGTGCCTGGGCTTGGGGATCTTCATTAACGAAACCACCGGCGAATTTCCGCAAAAAGAGCAGGAACTGTTTGAAGGTATCGTGGCGGTGATCGCCGTGGTGATCCTTACCTGGATGGTTTTCTGGATGCGCAAAGTGTCGCGCAACGTCAAAGTACAACTGGAGCAGGCTGTCGATAGCGCATTGCAGCGTGGAAATCATCATGGCTGGGCGCTGGTGATGATGGTCTTTTTTGCCGTTGCAAGGGAAGGGCTGGAGTCGGTCTTTTTCCTGCTGGCGGCATTTCAACAAGATGTCGGGATCTGGCCGCCGCTGGGTGCAATGCTCGGTCTTGCTACTGCCGTGGTGCTAGGCTTCCTGCTCTACTGGGGCGGTATTCGCCTCAATCTTGGTGCATTTTTTAAATGGACCAGCCTGTTTATTCTCTTCGTCGCCGCAGGGCTGGCAGCTGGTGCCATTCGCGCATTTCATGAAGCCGGATTGTGGAACCACTTTCAGGAAATCGCCTTCGATATGAGTGCGGTGCTCTCAACTCACTCGCTGTTTGGCACGCTGATGGAAGGGATTTTTGGCTATCAGGAAGCGCCGAGCGTCAGCGAAGTCGCCGTCTGGTTTATTTATCTCATCCCGGCGCTGGTGGCATTTGCTCTGCCACCACGCGCAGGGGCGACAGCGTCTCGCTCCGCGTAA,831,106-G51TG41AG95GA8AG5AT519
11368,efeU,11368,1284579,1285409,plus,0.0,ATGTTTGTTCCGTTTCTCATTATGTTGCGCGAAGGACTTGAAGCCGCGCTGATTGTCAGTTTGATTGCCAGCTATCTTAAGCGTACCCAGCGAGGCCGATGGATTGGTGTGATGTGGATTGGCGTGTTGCTTGCCGCTGCGTTGTGCCTGGGCTTGGGGATCTTCATTAACGAAACCACCGGCGAATTTCCGCAAAAAGAGCAGGAACTGTTTGAAGGTATCGTGGCGGTGATCGCCGTGGTGATCCTTACCTGGATGGTTTTCTGGATGCGCAAAGTGTCGCGCAACGTCAAAGTACAACTGGAGCAGGCAGTCGATAGCGCATTGCAGCGTGGAAATCATCATGGCTGGGCGCTGGTGATGATGGTCTTTTTTGCCGTTGCAAGGGAAGGGCTGGAGTCGGTCTTTTTCCTGCTGGCGGCATTTCAACAAGATGTCGGGATCTGGCCGCCGCTGGGTGCAATGCTCGGTCTTGCTACTGCCGTGGTGCTAGGCTTCTTGCTCTACTGGGGCGGTATTCGCCTCAATCTTGGTGCATTTTTTAAATGGACCAGCCTGTTTATTCTCTTCGTCGCCGCAGGGCTGGCAGCTGGTGCCATTCGCGCATTTCATGAAGCCGGATTGTGGAACCACTTTCAGGAAATCGCCTTCGATATGAGTGCGGTGCTCTCAACTCACTCGCTGTTTGGCACGCTGATGGAAGGGATTTTTGGCTATCAGGAAGCGCCGAGCGTCAGCGAAGTCGCCGTCTGGTTTATTTATCTCATCCCGGCGCTGGTGGCATTTGCTCTGCCACCACGCGCAGGGGCGACAGCGTCTCGCTCCGCGTAA,831,106-G51TG41AG95GA8AG192CT332
IAI1,efeU,IAI1,1132961,1133791,plus,0.0,ATGTTTGTTCCGTTTCTCATTATGTTGCGCGAAGGACTTGAAGCCGCGCTGATTGTCAGTTTGATTGCCAGCTATCTTAAGCGTACCCAGCGAGGCCGATGGATTGGTGTGATGTGGATTGGCGTGTTGCTTGCCGCTGCGTTGTGCCTGGGCTTGGGGATCTTCATTAACGAAACCACCGGCGAATTTCCGCAAAAAGAGCAGGAACTGTTTGAAGGTATCGTGGCGGTGATCGCCGTGGTGATCCTTACCTGGATGGTTTTCTGGATGCGCAAAGTGTCGCGCAACGTCAAAGTACAACTGGAGCAGGCAGTCGATAGCGCATTGCAGCGTGGAAATCATCATGGCTGGGCGCTGGTGATGATGGTCTTTTTTGCCGTTGCAAGGGAAGGGCTGGAGTCGGTCTTTTTCCTGCTGGCGGCATTTCAACAAGATGTCGGGATCTGGCCGCCGCTGGGTGCAATGCTCGGTCTTGCTACTGCCGTGGTGCTAGGCTTCCTGCTCTACTGGGGCGGTATTCGCCTCAATCTTGGTGCATTTTTTAAATGGACCAGCCTGTTTATTCTCTTCGTCGCCGCAGGGCTGGCAGCTGGTGCCATTCGCGCATTTCATGAAGCCGGATTGTGGAACCACTTTCAGGAAATCGCCTTCGATATGAGTGCGGTGCTCTCAACTCACTCGCTGTTTGGCACGCTGATGGAAGGGTTTTTTGGCTATCAGGAAGCGCCGAGCGTCAGCGAAGTCGCCGTCTGGTTTATTTATCTCATCCCGGCGCTGGTGGCATTTGCTCTGCCACCACGCGCAGGGGCGACAGCGTCTCGCTCCGCGTAA,831,106-G51TG41AG95GA8AG399AT125
042,efeU,042,1107525,1108354,plus,0.0,ATGTTTGTTCCGTTTCTCATTATGTTGCGCGAAGGACTTGAAGCCGCGCTGATTGTCAGTTTGATTGCCAGCTATCTTAAGCGTACCCAGCGAGGCCGATGGATTGGTGTGATGTGGATTGGCGTGTTGCTTGCCGCTGCGTTGTGCCTGGGCCTGGGTATCTTCATTAACGAAACCACCGGCGAATTTCCGCAAAAAGAACAGGAACTGTTTGAAGGTATCGTGGCGGTGATCGCCGTGGTGATCCTTACCTGGATGGTTTTCTGGATGCGCAAAGTGTCGCGCAACGTCAAAGTGCAACTGGAACAGGCAGTCGATAGCGCATTGCAGCGTGGAAATCATCATGGCTGGGCGCTGGTGATGATGGTCTTTTTTGCCGTTGCAAGGGAAGGGCTGGAGTCGGTCTTTTTCCTGCTGGCGGCATTTCAACAAGATGTCGGGATCTGGCCGCCGCTGGGTGCAATGCTCGGTCTTGCTACTGCCGTGGTGCTCGGCTTCCTGCTCTACTGGGGCGGTATTCGCCTCAATCTTGGTGCATTTTTTAAATGGACCAGCCTGTTTATTCTCTTCGTCGCCGCAGGGCTGGCGGCTGGTGCCATTCGCGCATTTCATGAAGCCGGATTGTGGAACCACTTTCAGGAAATCGCCTTCGATATGAGCGCGGTCCTCTCAACTCACTCGCTGTTTGGCACGCTGATGGAAGGGATTTTTGGCTATCAGGAAGCACCGAGCGTCAGCGAAGTCGCCGTCTGGTTTATTTATCTCATCCCGGCGCTGGTGGCATTTGCCCTGCCACCACGCGCAGGGGCGACAGCGTCTCGCTCCGCGTA,830,106-G46TC337AC95AG71TC5GC59GA62TC41
APECO78,efeU,APECO78,1867595,1868424,plus,0.0,ATGTTTGTTCCGTTTCTCATTATGTTGCGCGAAGGACTTGAAGCCGCGCTGATTGTCAGTTTGATTGCCAGCTATCTTAAGCGTACCCAGCGAGGCCGATGGATTGGTGTGATGTGGATTGGCGTGTTGCTTGCCGCTGCGTTGTGCCTGGGCCTGGGTATCTTCATTAACGAAACCACCGGCGAATTTCCGCAAAAAGAACAGGAACTGTTTGAAGGTATCGTGGCGGTGATCGCCGTGGTGATCCTTACCTGGATGGTTTTCTGGATGCGCAAAGTGTCGCGCAACGTCAAAGTGCAACTGGAACAGGCAGTCGATAGCGCATTGCAGCGTGGAAATCATCATGGCTGGGCGCTGGTGATGATGGTCTTTTTTGCCGTTGCAAGGGAAGGGCTGGAGTCGGTCTTTTTCCTGCTGGCGGCATTTCAACAAGATGTCGGGATCTGGCCGCCGCTGGGTGCAATGCTCGGTCTTGCTACTGCCGTGGTGCTCGGCTTCCTGCTCTACTGGGGCGGTATTCGCCTCAATCTTGGTGCATTTTTTAAATGGACCAGCCTGTTTATTCTCTTCGTCGCCGCAGGGCTGGCGGCTGGTGCCATTCGCGCATTTCATGAAGCCGGATTGTGGAACCACTTTCAGGAAATCGCCTTCGATATGAGCGCGGTCCTCTCAACTCACTCGCTGTTTGGCACGCTGATGGAAGGGATTTTTGGCTATCAGGAAGCACCGAGCGTCAGCGAAGTCGCCGTCTGGTTTATTTATCTCATCCCGGCGCTGGTGGCATTTGCCCTGCCACCACGCGCAGGGGCGACAGCGTCTCGCTCCGCGTA,830,106-G46TC337AC95AG71TC5GC59GA62TC41
UMN026,efeU,UMN026,1256392,1257221,plus,0.0,ATGTTTGTTCCGTTTCTCATTATGTTGCGCGAAGGACTTGAAGCCGCGCTGATTGTCAGTTTGATTGCCAGCTATCTTAAGCGTACCCAGCGAGGCCGATGGATTGGTGTGATGTGGATTGGCGTGCTGTTTGCCGCTGCGTTGTGCCTGGGCTTGGGTATCTTCATTAACGAAACCACCGGCGAATTTCCGCAAAAAGAACAGGAACTGTTTGAAGGTATCGTGGCGGTGATCGCCGTGGTGATCCTTACCTGGATGGTTTTCTGGATGCGCAAAGTGTCGCGCAACGTCAAAGTGCAACTGGAACAGGCAGTCGATAGCGCATTGCAGCGTGGAAATCATCATGGCTGGGCGCTGGTGATGATGGTCTTTTTTGCCGTTGCAAGGGAAGGGCTGGAGTCGGTCTTTTTCCTGCTGGCGGCATTTCAACAAGATGTCGGGATCTGGCCGCCGCTGGGTGCAATGCTCGGTCTTGCTACAGCCGTGGTGCTCGGCTTCCTGCTCTACTGGGGCGGTATTCGCCTCAATCTTGGTGCATTTTTTAAATGGACCAGCCTGTTTATTCTCTTCGTCGCCGCAGGGCTGGCAGCTGGTGCTATTCGCGCATTTCATGAAGCCGGATTGTGGAACCACTTTCAGGAAATCGCCTTCGATATGAGTGCGGTGCTGTCAACTCACTCGCTGTTTGGCACGCTGATGGAAGGGATTTTTGGCTATCAGGAAGCGCCAAGTGTCAGCGAAGTCGCCGTCTGGTTTATTTATCTCATCCCGGCGCTGGTGGCATTTGCCCTGCCACCACGCGCAGGGGCGACAGCGTCTCGCTCCGCGTA,830,106-G19TC2CT349TA11AC104CT71CG59GA2CT56TC41
CE10,efeU,CE10,1155747,1156576,plus,0.0,ATGTTTGTTCCGTTTCTCATTATGTTGCGCGAAGGACTTGAAGCCGCGCTGATTGTCAGTTTGATTGCCAGCTATCTTAAGCGTACCCAGCGAGGCCGATGGATTGGTGTGATGTGGATTGGCGTGTTGCTTGCCGCTGCGTTGTGCCTGGGCTTGGGTATCTTCATTAACGAAACCACCGGCGAATTTCCGCAAAAAGAACAGGAACTGTTTGAAGGTATCGTGGCGGTGATCGCCGTGGTGATCCTTACCTGGATGGTTTTCTGGATGCGCAAAGTGTCGCGCAACGTCAAAGTACAACTGGAGCAGGCAGTCGACAGCGCATTGCAGCGTGGAAATCATCATGGCTGGGCGCTGGTGATGATGGTCTTTTTTGCCGTTGCAAGGGAGGGGCTGGAGTCGGTCTTTTTCCTGCTGGCGGCATTTCAACAAGATGTTGGGATCTGGCCACCGCTGGGTGCAATGCTCGGTCTTGCTACTGCCGTGGTGCTCGGCTTCCTGCTCTACTGGGGCGGTATTCGCCTCAATCTTGGTGCATTTTTTAAATGGACCAGCCTGTTTATTCTCTTCGTCGCCGCAGGGCTGGCGGCTGGTGCCATTCGCGCATTTCATGAAGCCGGATTGTGGAACCACTTTCAGGAAATCGCCTTCGATATGAGTGCGGTGCTCTCAACTCACTCGCTGTTTGGCACGCTGATGGAAGGGATTTTTGGCTATCAGGAAGCGCCGAGTGTCAGCGAAGTCGCCGTCTGGTTTATTTATCTCATCCCGGCGCTGGTGGCATTTGTTCTGCCACCACGCGCAGGGGCGACTGCGTCCCGCTCCGTGTA,830,106-G189GA8AG11TC71AG47CT11GA41AC95AG143CT55CT24AT5TC7CT3
SMS-3-5,efeU,SMS-3-5,2115773,2114944,minus,0.0,ATGTTTGTTCCGTTTCTCATTATGTTGCGCGAAGGACTTGAAGCCGCGCTGATTGTCAGTTTGATTGCCAGCTATCTTAAGCGTACCCAGCGAGGCCGATGGATTGGTGTGATGTGGATTGGCGTGTTGCTTGCCGCTGCGTTGTGCCTGGGCTTGGGTATCTTCATTAACGAAACCACCGGCGAATTTCCGCAAAAAGAACAGGAACTGTTTGAAGGTATCGTGGCGGTGATCGCCGTGGTGATCCTTACCTGGATGGTTTTCTGGATGCGCAAAGTGTCGCGCAACGTCAAAGTACAACTGGAGCAGGCAGTCGACAGCGCATTGCAGCGTGGAAATCATCATGGCTGGGCGCTGGTGATGATGGTCTTTTTTGCCGTTGCAAGGGAGGGGCTGGAGTCGGTCTTTTTCCTGCTGGCGGCGTTTCAACAAGATGTCGGGATCTGGCCGCCGCTGGGTGCAATGCTCGGTCTTGCTACAGCCGTGGTGCTCGGCTTCCTGCTCTACTGGGGCGGTATTCGCCTCAATCTTGGTGCATTTTTTAAATGGACCAGCCTGTTTATTCTCTTCGTCGCCGCAGGGCTGGCGGCTGGTGCCATTCGCGCATTTCATGAAGCCGGATTGTGGAACCACTTTCAGGAAATCGCCTTCGATATGAGTGCGGTGCTCTCAACTCACTCGCTGTTTGGCACGCTGATGGAAGGGATTTTTGGCTATCAGGAAGCGCCGAGTGTCAGCGAAGTCGCCGTCTGGTTTATTTATCTCATCCCGGCGCTGGTGGCATTTGTTCTGCCACCACGCGCAGGGGCGACTGCGTCCCGCTCCGTGTA,830,106-G189GA8AG11TC71AG32AG56TA11AC95AG143CT55CT24AT5TC7CT3
IAI39,efeU,IAI39,2182836,2182007,minus,0.0,ATGTTTGTTCCGTTTCTCATTATGTTGCGCGAAGGACTTGAAGCCGCGCTGATTGTCAGTTTGATTGCCAGCTATCTTAAGCGTACCCAGCGAGGCCGATGGATTGGTGTGATGTGGATTGGCGTGTTGCTTGCCGCTGCGTTGTGCCTGGGCTTGGGTATCTTCATTAACGAAACCACCGGCGAATTTCCGCAAAAAGAACAGGAACTGTTTGAAGGTATCGTGGCGGTGATCGCCGTGGTGATCCTTACCTGGATGGTTTTCTGGATGCGCAAAGTGTCGCGCAACGTCAAAGTACAACTGGAGCAGGCAGTCGACAGCGCATTGCAGCGTGGAAATCATCATGGCTGGGCGCTGGTGATGATGGTCTTTTTTGCCGTTGCAAGGGAGGGGCTGGAGTCGGTCTTTTTCCTGCTGGCGGCATTTCAACAAGATGTTGGGATCTGGCCACCGCTGGGTGCAATGCTCGGTCTTGCTACTGCCGTGGTGCTCGGCTTCCTGCTCTACTGGGGCGGTATTCGCCTCAATCTTGGTGCATTTTTTAAATGGACCAGCCTGTTTATTCTCTTCGTCGCCGCAGGGCTGGCGGCTGGTGCCATTCGCGCATTTCATGAAGCCGGATTGTGGAACCACTTTCAGGAAATCGCCTTCGATATGAGTGCGGTGCTCTCAACTCACTCGCTGTTTGGCACGCTGATGGAAGGGATTTTTGGCTATCAGGAAGCGCCGAGTGTCAGCGAAGTCGCCGTCTGGTTTATTTATCTCATCCCGGCGCTGGTGGCATTTGTTCTGCCACCACGCGCAGGGGCGACTGCGTCCCGCTCCGTGTA,830,106-G189GA8AG11TC71AG47CT11GA41AC95AG143CT55CT24AT5TC7CT3
UTI89,efeU,UTI89,1067964,1068793,plus,0.0,ATGTTTGTTCCGTTTCTCATTATGTTGCGCGAAGGACTTGAAGCCGCGCTGATTGTCAGTTTGATTGCCAGCTATCTTAAGCGTACCCAGCGAGGCCGATGGATTGGTGTAATGTGGATTGGCGTGTTGCTTGCCGCTGCGTTGTGTCTGGGCTTGGGTATCTTCATTAACGAAACCACCGGCGAATTTCCGCAAAAAGAACAGGAACTGTTTGAAGGCATTGTGGCGGTGATCGCCGTGGTGATCCTTACCTGGATGGTTTTCTGGATGCGCAAAGTGTCGCGCAACGTCAAAGTACAACTGGAGCAGGCGGTCGATAGCGCATTGCAGCGTGGAAATCATCATGGCTGGGCGCTGGTGATGATGGTCTTTTTTGCCGTTGCAAGGGAAGGGCTGGAGTCGGTCTTTTTCCTGCTGGCGGCATTTCAACAAGATGTCGGGATCTGGCCGCCGCTGGGTGCAATGCTTGGTCTTGCTACAGCCGTGGTGCTTGGCTTCCTGCTCTACTGGGGCGGTATTCGCCTCAATCTTGGTGCATTTTTTAAATGGACCAGTCTGTTTATTCTCTTCGTCGCCGCAGGGCTGGCAGCTGGTGCCATTCGCGCATTTCATGAAGCCGGATTGTGGAACCACTTTCAGGAAATCGCCTTCGATATGAGCGCGGTGCTCTCAACTCACTCGCTGTTTGGCACACTGATGGAAGGGATTTTTGGCTATCAGGAAGCACCGAGCGTCAGCGAAGTCGCCGTCTGGTTTATTTATCTCATCCCGGCGCTGGTGGCATTTGTTCTGCCACCACGCGCAGGGGCGACTGCGTCCCGCTCCGTGTA,830,106-G3GA35CT71TC2CT74GA8AG5AG155CT11TA11AT62CT104TC32GA32GA61CT24AT5TC7CT3
S88,efeU,S88,1070509,1071338,plus,0.0,ATGTTTGTTCCGTTTCTCATTATGTTGCGCGAAGGACTTGAAGCCGCGCTGATTGTCAGTTTGATTGCCAGCTATCTTAAGCGTACCCAGCGAGGCCGATGGATTGGTGTAATGTGGATTGGCGTGTTGCTTGCCGCTGCGTTGTGTCTGGGCTTGGGTATCTTCATTAACGAAACCACCGGCGAATTTCCGCAAAAAGAACAGGAACTGTTTGAAGGCATTGTGGCGGTGATCGCCGTGGTGATCCTTACCTGGATGGTTTTCTGGATGCGCAAAGTGTCGCGCAACGTCAAAGTACAACTGGAGCAGGCGGTCGATAGCGCATTGCAGCGTGGAAATCATCATGGCTGGGCGCTGGTGATGATGGTCTTTTTTGCCGTTGCAAGGGAAGGGCTGGAGTCGGTCTTTTTCCTGCTGGCGGCATTTCAACAAGATGTCGGGATCTGGCCGCCGCTGGGTGCAATGCTTGGTCTTGCTACAGCCGTGGTGCTTGGCTTCCTGCTCTACTGGGGCGGTATTCGCCTCAATCTTGGTGCATTTTTTAAATGGACCAGTCTGTTTATTCTCTTCGTCGCCGCAGGGCTGGCAGCTGGTGCCATTCGCGCATTTCATGAAGCCGGATTGTGGAACCACTTTCAGGAAATCGCCTTCGATATGAGCGCGGTGCTCTCAACTCACTCGCTGTTTGGCACACTGATGGAAGGGATTTTTGGCTATCAGGAAGCACCGAGCGTCAGCGAAGTCGCCGTCTGGTTTATTTATCTCATCCCGGCGCTGGTGGCATTTGTTCTGCCACCACGCGCAGGGGCGACTGCGTCCCGCTCCGTGTA,830,106-G3GA35CT71TC2CT74GA8AG5AG155CT11TA11AT62CT104TC32GA32GA61CT24AT5TC7CT3
E2348/69 ,efeU,E2348/69,1114104,1114933,plus,0.0,ATGTTTGTTCCGTTTCTCATTATGTTGCGCGAAGGACTTGAAGCCGCGCTGATTGTCAGTTTGATTGCCAGCTATCTTAAGCGTACCCAGCGAGGCCGATGGATTGGTGTAATGTGGATTGGCGTGTTGCTTGCCGCTGCGTTGTGTCTGGGCTTGGGTATCTTCATTAACGAAACCACCGGCGAATTTCCGCAAAAAGAACAGGAACTGTTTGAAGGCATTGTGGCGGTGATCGCCGTGGTGATCCTTACCTGGATGGTTTTCTGGATGCGCAAAGTGTCGCGCAACGTCAAAGTACAACTGGAGCAGGCGGTCGATAGCGCATTGCAGCGTGGAAATCATCATGGCTGGGCGCTGGTGATGATGGTCTTTTTTGCCGTTGCAAGGGAAGGGCTGGAGTCGGTCTTTTTCCTGCTGGCGGCATTTCAACAAGATGTCGGGATCTGGCCGCCGCTGGGTGCAATGCTTGGTCTTGCTACAGCCGTGGTGCTTGGCTTCCTGCTCTACTGGGGCGGTATTCGCCTCAATCTTGGTGGATTTTTTAAATGGACCAGTCTGTTTATTCTCTTCGTCGCCGCAGGGCTGGCAGCTGGTGCCATTCGCGCATTTCATGAAGCCGGATTGTGGAACCACTTTCAGGAAATCGCCTTCGATATGAGCGCGGTGCTCTCAACTCACTCGCTGTTTGGCACACTGATGGAAGGGATTTTTGGCTATCAGGAAGCACCGAGCGTCAGCGAAGTCGCCGTCTGGTTTATTTATCTCATCCCGGCGCTGGTGGCATTTGTTCTGCCACCACGCGCAGGGGCGACTGCGTCCCGCTCCGTGTA,830,106-G3GA35CT71TC2CT74GA8AG5AG155CT11TA11AT43CG18CT104TC32GA32GA61CT24AT5TC7CT3
REL606,efeO,REL606,1098528,1099655,plus,0.0,ATGACCATTAACTTCCGCCGTAACGCATTGCAGTTGAGCGTGGCTGCGCTGTTTTCTTCTGCTTTTATGGCTAACGCCGCTGATGTGCCGCAGGTCAAAGTGACCGTGACGGATAAGCAGTGCGAACCGATGACCATTACGGTTAACGCCGGGAAAACACAGTTCATTATTCAGAACCACAGCCAGAAGGCGCTGGAGTGGGAGATCCTCAAAGGCGTGATGGTGGTGGAAGAGCGGGAAAATATCGCCCCTGGCTTTAGCCAGAAAATGACGGCGAATTTACAGCCTGGCGAATACGATATGACCTGCGGTCTGCTGACTAACCCGAAAGGGAAGTTGATCGTCAAAGGTGAGGCAACGGCGGATGCGGCGCAAAGTGATGCGCTGTTAAGTCTTGGTGGTGCAATTACTGCATATAAAGCGTATGTCATGGCGGAAACCACGCAGCTGGTGACCGACACCAAAGCCTTTACCGACGCGATTAAAGCAGGCGATATCGAAAAAGCGAAAGCACTGTATGCACCGACGCGCCAGCACTATGAGCGTATTGAACCGATTGCTGAACTGTTCTCCGATCTGGATGGCAGCATTGACGCCCGTGAAGATGATTACGAGCAAAAAGCCGCCGACCCAAAATTCACTGGTTTCCACCGTCTGGAAAAAGCATTGTTTGGCGACAACACCACCAAAGGGATGGATCAGTACGCTGAGCAGCTTTATACCGATGTGGTCGATTTGCAAAAACGCATCAGTGAACTGGCTTTCCCACCTTCAAAAGTGGTCGGCGGCGCAGCCGGACTGATTGAGGAAGTGGCAGCCAGCAAAATTAGCGGTGAAGAAGATCGCTACAGCCACACCGATCTGTGGGATTTCCAGGCTAACGTTGAAGGCTCGCAGAAAATTGTCGATTTGCTGCGTCCACAACTGCAAAAAGCCAACCCGGAACTGCTGGCAAAAGTCGATGCCAACTTTAAAAAGGTCGATACCATTCTGGCGAAATACCGTACTAAAGACGGTTTTGAAACCTACGACAAATTGACCGATGCCGACCGGAATGCACTGAAAGGACCGATTACTGCGCTGGCGGAAGATCTGGCGCAACTTCGCGGTGTGCTGGGACTGGATTAA,1128,1128
BW2952,efeO,BW2952,984434,985561,plus,0.0,ATGACCATTAACTTCCGCCGTAACGCATTGCAGTTGAGCGTGGCTGCGCTGTTTTCTTCTGCTTTTATGGCTAACGCCGCTGATGTGCCGCAGGTCAAAGTGACCGTGACGGATAAGCAGTGCGAACCGATGACCATTACGGTTAACGCCGGGAAAACACAGTTCATTATTCAGAACCACAGCCAGAAGGCGCTGGAGTGGGAGATCCTCAAAGGCGTGATGGTGGTGGAAGAGCGGGAAAATATCGCCCCTGGCTTTAGCCAGAAAATGACGGCGAATTTACAGCCTGGCGAATACGATATGACCTGCGGTCTGCTGACTAACCCGAAAGGGAAGTTGATCGTCAAAGGTGAGGCAACGGCGGATGCGGCGCAAAGTGATGCGCTGTTAAGTCTTGGTGGTGCAATTACTGCATATAAAGCGTATGTCATGGCGGAAACCACGCAGCTGGTGACCGACACCAAAGCCTTTACCGACGCGATTAAAGCAGGCGATATCGAAAAAGCGAAAGCACTGTATGCACCGACGCGCCAGCACTATGAGCGTATTGAACCGATTGCTGAACTGTTCTCCGATCTGGATGGCAGCATTGACGCCCGTGAAGATGATTACGAGCAAAAAGCCGCCGACCCAAAATTCACTGGTTTCCACCGTCTGGAAAAAGCATTGTTTGGCGACAACACCACCAAAGGGATGGATCAGTACGCTGAGCAGCTTTATACCGATGTGGTCGATTTGCAAAAACGCATCAGTGAACTGGCTTTCCCACCTTCAAAAGTGGTCGGCGGCGCAGCCGGACTGATTGAGGAAGTGGCAGCCAGCAAAATTAGCGGTGAAGAAGATCGCTACAGCCACACCGATCTGTGGGATTTCCAGGCTAACGTTGAAGGCTCGCAGAAAATTGTCGATTTGCTGCGTCCACAACTGCAAAAAGCCAACCCGGAACTGCTGGCAAAAGTCGATGCCAACTTTAAAAAGGTCGATACCATTCTGGCGAAATACCGTACTAAAGACGGTTTTGAAACCTACGACAAATTGACCGATGCCGACCGGAATGCACTGAAAGGACCGATTACTGCGCTGGCGGAAGATCTGGCGCAACTTCGCGGTGTGCTGGGACTGGATTAA,1128,1128
MG1655,efeO,MG1655,1082243,1083370,plus,0.0,ATGACCATTAACTTCCGCCGTAACGCATTGCAGTTGAGCGTGGCTGCGCTGTTTTCTTCTGCTTTTATGGCTAACGCCGCTGATGTGCCGCAGGTCAAAGTGACCGTGACGGATAAGCAGTGCGAACCGATGACCATTACGGTTAACGCCGGGAAAACACAGTTCATTATTCAGAACCACAGCCAGAAGGCGCTGGAGTGGGAGATCCTCAAAGGCGTGATGGTGGTGGAAGAGCGGGAAAATATCGCCCCTGGCTTTAGCCAGAAAATGACGGCGAATTTACAGCCTGGCGAATACGATATGACCTGCGGTCTGCTGACTAACCCGAAAGGGAAGTTGATCGTCAAAGGTGAGGCAACGGCGGATGCGGCGCAAAGTGATGCGCTGTTAAGTCTTGGTGGTGCAATTACTGCATATAAAGCGTATGTCATGGCGGAAACCACGCAGCTGGTGACCGACACCAAAGCCTTTACCGACGCGATTAAAGCAGGCGATATCGAAAAAGCGAAAGCACTGTATGCACCGACGCGCCAGCACTATGAGCGTATTGAACCGATTGCTGAACTGTTCTCCGATCTGGATGGCAGCATTGACGCCCGTGAAGATGATTACGAGCAAAAAGCCGCCGACCCAAAATTCACTGGTTTCCACCGTCTGGAAAAAGCATTGTTTGGCGACAACACCACCAAAGGGATGGATCAGTACGCTGAGCAGCTTTATACCGATGTGGTCGATTTGCAAAAACGCATCAGTGAACTGGCTTTCCCACCTTCAAAAGTGGTCGGCGGCGCAGCCGGACTGATTGAGGAAGTGGCAGCCAGCAAAATTAGCGGTGAAGAAGATCGCTACAGCCACACCGATCTGTGGGATTTCCAGGCTAACGTTGAAGGCTCGCAGAAAATTGTCGATTTGCTGCGTCCACAACTGCAAAAAGCCAACCCGGAACTGCTGGCAAAAGTCGATGCCAACTTTAAAAAGGTCGATACCATTCTGGCGAAATACCGTACTAAAGACGGTTTTGAAACCTACGACAAATTGACCGATGCCGACCGGAATGCACTGAAAGGACCGATTACTGCGCTGGCGGAAGATCTGGCGCAACTTCGCGGTGTGCTGGGACTGGATTAA,1128,1128
IAI1,efeO,IAI1,1133849,1134976,plus,0.0,ATGACCATTAACTTCCGCCGTAACGCATTGCAGTTGAGCGTGGCTGCGCTGTTTTCTTCTGCTTTTATGGCTAACGCCGCTGATGTGACGCAGGTCAAAGTGACCGTGACGGATAAGCAGTGCGAACCGATGACCATTACGGTTAACGCCGGGAAAACACAGTTCATTATTCAGAACCATAGCCAGAAGGCGCTGGAGTGGGAGATCCTCAAAGGCGTGATGGTGGTGGAAGAGCGGGAAAATATCGCCCCTGGTTTTAGCCAGAAAATGACGGCGAATTTACAGCCTGGCGAATACGATATGACCTGCGGTCTGCTGACTAACCCGAAAGGGAAGTTGATCGTCAAAGGTGAGGCAACGGCGGATGCGGCGCAAAGTGATGCGCTGTTAAGTCTTGGTGGTGCAATTACTGCATATAAAGCGTATGTCATGGCGGAAACCACGCAGCTGGTGACCGACACCAAAGCCTTTACCGACGCGATTAAAGCTGGCGATATCGAAAAAGCGAAAGCACTGTATGCGCCGACGCGCCAGCACTATGAGCGCATTGAACCGATTGCTGAACTGTTCTCCGATCTGGATGGCAGCATTGACGCCCGTGAAGATGATTACGAGCAAAAAGCCGCCGACCCAAAATTCACTGGTTTCCACCGCCTGGAAAAAGCATTGTTTGGCGACAACACCACCAAAGGGATGGATCAGTACGCTGAGCAGCTTTATACAGATGTGGTCGATTTGCAAAAACGCATCAGTGAACTGGCTTTTCCTCCTTCAAAAGTGGTCGGCGGTGCAGCCGGACTGATTGAGGAAGTGGCAGCCAGCAAAATCAGCGGTGAAGAAGATCGCTACAGCCACACCGATCTGTGGGATTTCCAGGCTAACGTTGAAGGCTCGCAGAAAATTGTCGATCTGCTGCGTCCACAACTGCAAAAAGCCAACCCGGAACTGTTGGCAAAAGTCGATGCCAACTTTAAAAAGGTCGATACCATTCTGGCGAAATACCGTACTAAAGACGGTTTTGAAACCTACGACAAATTGACCGATGCCGACCGGAATGCACTGAAAGGACCGATTACTGCGCTGGCGGAAGATCTGGCGCAACTTCGCGGTGTGCTGGGACTGGATTAA,1128,87CA91CT74CT233AT32AG23TC107TC68CA41CT2AT20CT38TC81TC38CT179
EDL933,efeO,EDL933,1408967,1410094,plus,0.0,ATGACCATTAACTTCCGCCGTAACGCATTGCAGTTGAGCGTGGCTGCGCTGTTTTCTTCTGCTTTTATGGCTAACGCCGCTGATGTGCCGCAGGTCAAAGTGACCGTGACGGATAAGCAGTGCGAACCGATGACCATTACGGTTAACGCCGGGAAAACACAGTTCATTATTCAGAACCACAGCCAGAAGGCGCTGGAATGGGAGATCCTCAAAGGCGTGATGGTGGTGGAAGAGCGGGAAAATATCGCCCCTGGCTTTAGCCAGAAAATGACGGCGAATTTACAGCCTGGCGAATACGATATGACCTGCGGTCTGCTGACTAACCCGAAAGGGAAGTTGATCGTCAAAGGTGAGGCAACGGCGGATGCGGCGCAAAGTGATGCGCTGTTAAGTCTTGGTGGTGCAATTACTGCATATAAAGCGTATGTCATGGCGGAAACCACACAGCTGGTGACCGACACCAAAGCCTTTACCGACGCGATTAAAGCAGGCGATATCGAAAAAGCGAAAGCACTGTATGCGCCGACGCGCCAGCACTATGAGCGCATTGAACCGATTGCTGAACTGTTCTCCGATCTGGATGGCAGCATTGACGCCCGTGAAGATGATTACGAGCAAAAAGCCGCTGATCCAAAATTCACCGGTTTCCACCGTCTGGAAAAAGCATTGTTTGGCGACAACACCACCAAAGGCATGGATCAGTACGCTGACCAGCTTTATACCGATGTGGTCGATTTGCAAAAACGCATCAGTGAACTGGCTTTCCCACCTTCAAAAGTGGTCGGCGGTGCAGCCGGACTGATTGAGGAAGTGGCAGCCAGCAAAATCAGCGGTGAAGAAGATCGCTACAGCCACACCGATCTGTGGGATTTCCAGGCTAACGTTGAAGGCTCGCAGAAAATTGTCGATCTGCTGCGTCCACAACTGCAAAAAGCTAACCCGGAACTGTTGGCAAAAGTCGATGCCAACTTTAAAAAGGTCGATACCATTCTGGCGAAATACCGTACTAAAGACGGTTTTGAAACCTACGACAAATTGACCGATGCCGACCGGAATGCACTGAAAGGACCGATTACTGCGCTGGCGGAAGATCTGGCGCAACTTCGCGGTGTGCTGGGATTGGATTAA,1128,197GA245GA77AG23TC80CT2CT11TC50GC17GC77CT38TC81TC25CT12CT170CT8
Sakai,efeO,Sakai,1325337,1326464,plus,0.0,ATGACCATTAACTTCCGCCGTAACGCATTGCAGTTGAGCGTGGCTGCGCTGTTTTCTTCTGCTTTTATGGCTAACGCCGCTGATGTGCCGCAGGTCAAAGTGACCGTGACGGATAAGCAGTGCGAACCGATGACCATTACGGTTAACGCCGGGAAAACACAGTTCATTATTCAGAACCACAGCCAGAAGGCGCTGGAATGGGAGATCCTCAAAGGCGTGATGGTGGTGGAAGAGCGGGAAAATATCGCCCCTGGCTTTAGCCAGAAAATGACGGCGAATTTACAGCCTGGCGAATACGATATGACCTGCGGTCTGCTGACTAACCCGAAAGGGAAGTTGATCGTCAAAGGTGAGGCAACGGCGGATGCGGCGCAAAGTGATGCGCTGTTAAGTCTTGGTGGTGCAATTACTGCATATAAAGCGTATGTCATGGCGGAAACCACACAGCTGGTGACCGACACCAAAGCCTTTACCGACGCGATTAAAGCAGGCGATATCGAAAAAGCGAAAGCACTGTATGCGCCGACGCGCCAGCACTATGAGCGCATTGAACCGATTGCTGAACTGTTCTCCGATCTGGATGGCAGCATTGACGCCCGTGAAGATGATTACGAGCAAAAAGCCGCTGATCCAAAATTCACCGGTTTCCACCGTCTGGAAAAAGCATTGTTTGGCGACAACACCACCAAAGGCATGGATCAGTACGCTGACCAGCTTTATACCGATGTGGTCGATTTGCAAAAACGCATCAGTGAACTGGCTTTCCCACCTTCAAAAGTGGTCGGCGGTGCAGCCGGACTGATTGAGGAAGTGGCAGCCAGCAAAATCAGCGGTGAAGAAGATCGCTACAGCCACACCGATCTGTGGGATTTCCAGGCTAACGTTGAAGGCTCGCAGAAAATTGTCGATCTGCTGCGTCCACAACTGCAAAAAGCTAACCCGGAACTGTTGGCAAAAGTCGATGCCAACTTTAAAAAGGTCGATACCATTCTGGCGAAATACCGTACTAAAGACGGTTTTGAAACCTACGACAAATTGACCGATGCCGACCGGAATGCACTGAAAGGACCGATTACTGCGCTGGCGGAAGATCTGGCGCAACTTCGCGGTGTGCTGGGATTGGATTAA,1128,197GA245GA77AG23TC80CT2CT11TC50GC17GC77CT38TC81TC25CT12CT170CT8
TW14359,efeO,TW14359,1267759,1268886,plus,0.0,ATGACCATTAACTTCCGCCGTAACGCATTGCAGTTGAGCGTGGCTGCGCTGTTTTCTTCTGCTTTTATGGCTAACGCCGCTGATGTGCCGCAGGTCAAAGTGACCGTGACGGATAAGCAGTGCGAACCGATGACCATTACGGTTAACGCCGGGAAAACACAGTTCATTATTCAGAACCACAGCCAGAAGGCGCTGGAATGGGAGATCCTCAAAGGCGTGATGGTGGTGGAAGAGCGGGAAAATATCGCCCCTGGCTTTAGCCAGAAAATGACGGCGAATTTACAGCCTGGCGAATACGATATGACCTGCGGTCTGCTGACTAACCCGAAAGGGAAGTTGATCGTCAAAGGTGAGGCAACGGCGGATGCGGCGCAAAGTGATGCGCTGTTAAGTCTTGGTGGTGCAATTACTGCATATAAAGCGTATGTCATGGCGGAAACCACACAGCTGGTGACCGACACCAAAGCCTTTACCGACGCGATTAAAGCAGGCGATATCGAAAAAGCGAAAGCACTGTATGCGCCGACGCGCCAGCACTATGAGCGCATTGAACCGATTGCTGAACTGTTCTCCGATCTGGATGGCAGCATTGACGCCCGTGAAGATGATTACGAGCAAAAAGCCGCTGATCCAAAATTCACCGGTTTCCACCGTCTGGAAAAAGCATTGTTTGGCGACAACACCACCAAAGGCATGGATCAGTACGCTGACCAGCTTTATACCGATGTGGTCGATTTGCAAAAACGCATCAGTGAACTGGCTTTCCCACCTTCAAAAGTGGTCGGCGGTGCAGCCGGACTGATTGAGGAAGTGGCAGCCAGCAAAATCAGCGGTGAAGAAGATCGCTACAGCCACACCGATCTGTGGGATTTCCAGGCTAACGTTGAAGGCTCGCAGAAAATTGTCGATCTGCTGCGTCCACAACTGCAAAAAGCTAACCCGGAACTGTTGGCAAAAGTCGATGCCAACTTTAAAAAGGTCGATACCATTCTGGCGAAATACCGTACTAAAGACGGTTTTGAAACCTACGACAAATTGACCGATGCCGACCGGAATGCACTGAAAGGACCGATTACTGCGCTGGCGGAAGATCTGGCGCAACTTCGCGGTGTGCTGGGATTGGATTAA,1128,197GA245GA77AG23TC80CT2CT11TC50GC17GC77CT38TC81TC25CT12CT170CT8
11368,efeO,11368,1285467,1286594,plus,0.0,ATGACCATTAACTTCCGCCGTAACGCATTGCAGTTGAGCGTGGCTGCGCTGTTTTCTTCTGCTTTTATGGCTAACGCCGCTGATGTGACGCAGGTCAAAGTGACCGTGACGGATAAGCAGTGCGAACCGATGACCATTACGGTTAACGCCGGGAAAACACAGTTCATTATTCAGAACCATAGCCAGAAGGCGCTGGAGTGGGAGATCCTCAAAGGCGTGATGGTGGTGGAAGAGCGGGAAAATATCGCCCCTGGTTTTAGCCAGAAAATGACGGCGAATTTACAGCCTGGCGAATACGATATGACCTGCGGTCTGCTGACTAACCCGAAAGGGAAGTTGATCGTCAAAGGTGAGGCAACGGCGGATGCGGCGCAAAGTGATGCGCTGTTAAGTCTTGGTGGTGCAATTACTGCATATAAAGCGTATGTCATGGCGGAAACCACGCAGCTGGTGACCGACACCAAAGCCTTTACCGACGCGATTAAAGCAGGCGATATCGAAAAAGCGAAAGCACTGTATGCGCCGACGCGCCAGCACTATGAGCGCATTGAACCGATTGCTGAACTGTTCTCCGATCTGGATGGCAGCATTGACGCCCGTGAAGATGATTACGAGCAAAAAGCCGCTGATCCAAAATTCACCGGTTTCCACCGTCTGGAAAAAGCATTGTTTGGCGACAACACCACCAAAGGCATGGATCAGTACGCTGACCAGCTTTATACCGATGTGGTCGATTTGCAAAAACGCATCAGTGAACTGGCTTTCCCACCTTCAAAAGTGGTCGGCGGTGCAGCCGGACTGATTGAGGAAGTGGCAGCCAGCAAAATCAGCGGTGAAGAAGATCGCTACAGCCACACCGATCTGTGGGATTTCCAGGCTAACGTTGAAGGCTCGCAGAAAATTGTCGATCTGCTGCGTCCACAACTGCAAAAAGCCAACCCGGAACTGTTGGCAAAAGTCGATGCCAACTTTAAAAAGGTCGATACCATTCTGGCGAAATACCGTACTAAAGACGGTTTTGAAACCTACGACAAATTGACCGATGCCGACCGGAATGCACTGAAAGGACCGATTACTGCGCTGGCGGAAGATCTGGCGCAACTTCGCGGTGTGCTGGGATTGGATTAA,1128,87CA91CT74CT266AG23TC80CT2CT11TC50GC17GC77CT38TC81TC38CT170CT8
042,efeO,042,1108413,1109540,plus,0.0,ATGACCATTAACTTCCGCCGTAACGCATTGCAGTTGAGCGTGGCTGCGCTGTTCTCTTCTGCTTTTATGGCTAACGCCGCTAATGTGCCGCAGGTCAAGGTGACCGTGACCGATAAGCAGTGCGAACCGATGACCATTACGGTTAACGCCGGGAAAACACAGTTCATTATTCAGAACCACAGCCAGAAGGCGCTGGAGTGGGAGATCCTCAAAGGCGTGATGGTGGTGGAAGAGCGGGAAAATATCGCCCCTGGCTTTAGCCAGAAAATGACGGCGAATTTACAGCCTGGCGAATACGATATGACCTGCGGTCTGCTGACTAACCCGAAAGGGAAGTTGATCGTCAAAGGTGAGGCAACGGCGGATGCGGCGCAAAGTGATGCGCTGTTAAGTCTTGGTGGTGCAATTACTGCATATAAAGCGTATGTCATGGCGGAAACCACGCAGCTGGTGACCGACACGAAAGCCTTTACTGACGCTATTAAAGCAGGCGATATCGAAAAAGCGAAAGCACTGTATGCGCCGACGCGCCAGCACTATGAGCGCATCGAACCGATTGCTGAACTGTTCTCCGATCTGGATGGCAGCATTGACGCCCGTGAAGATGATTACGAGCAAAAAGCCGCCGATCCGAAATTCACCGGTTTCCACCGTCTGGAAAAAGCATTGTTTGGCGACAACACCACCAAAGGCATGGATCAGTACGCTGACCAGCTTTATACCGATGTGGTCGATTTGCAAAAACGCATCAGTGAACTGGCTTTCCCACCTTCAAAAGTGGTCGGCGGTGCAGCCGGACTGATTGAGGAAGTGGCAGCCAGCAAAATCAGCGGTGAAGAAGATCGCTACAGCCACACCGATCTGTGGGATTTCCAGGCTAACGTTGAAGGCTCGCAGAAAATTGTCGATCTGCTGCGTCCACAACTGCAAAAAGCCAACCCGGAACTGTTGGCAAAAGTCGATGCCAACTTTAAAAAGGTCGATACCATTCTGGCGAAATACCGTACTAAAGACGGTTTTGAAACCTACGACAAATTGACCGATGCCGACCGGAATGCACTGAAAGGACCGATTACTGCGCTGGCGGAAGATCTGGCGCAACTTCGCGGTGTGCTGGGATTGGATTAA,1128,53TC27GA16AG11GC350CG11CT5GT41AG23TC2TC80CT2AG8TC50GC17GC77CT38TC81TC38CT170CT8
APECO78,efeO,APECO78,1868483,1869610,plus,0.0,ATGACCATTAACTTCCGCCGTAACGCATTGCAGTTGAGCGTGGCTGCGCTGTTCTCTTCTGCTTTTATGGCTAACGCCGCTAATGTGCCGCAGGTCAAGGTGACCGTGACCGATAAGCAGTGCGAACCGATGACCATTACGGTTAACGCCGGGAAAACACAGTTCATTATTCAGAACCACAGCCAGAAGGCGCTGGAGTGGGAGATCCTCAAAGGCGTGATGGTGGTGGAAGAGCGGGAAAATATCGCCCCTGGCTTTAGCCAGAAAATGACGGCGAATTTACAGCCTGGCGAATACGATATGACCTGCGGTCTGCTGACTAACCCGAAAGGGAAGTTGATCGTCAAAGGTGAGGCAACGGCGGATGCGGCGCAAAGTGATGCGCTGTTAAGTCTTGGTGGTGCAATTACTGCATATAAAGCGTATGTCATGGCGGAAACCACGCAGCTGGTGACCGACACGAAAGCCTTTACTGACGCTATTAAAGCAGGCGATATCGAAAAAGCGAAAGCACTGTATGCGCCGACGCGCCAGCACTATGAGCGCATCGAACCGATTGCTGAACTGTTCTCCGATCTGGATGGCAGCATTGACGCCCGTGAAGATGATTACGAGCAAAAAGCCGCCGATCCGAAATTCACCGGTTTCCACCGTCTGGAAAAAGCATTGTTTGGCGACAACACCACCAAAGGCATGGATCAGTACGCTGACCAGCTTTATACCGATGTGGTCGATTTGCAAAAACGCATCAGTGAACTGGCTTTCCCACCTTCAAAAGTGGTCGGCGGTGCAGCCGGACTGATTGAGGAAGTGGCAGCCAGCAAAATCAGCGGTGAAGAAGATCGCTACAGCCACACCGATCTGTGGGATTTCCAGGCTAACGTTGAAGGCTCGCAGAAAATTGTCGATCTGCTGCGTCCACAACTGCAAAAAGCCAACCCGGAACTGTTGGCAAAAGTCGATGCCAACTTTAAAAAGGTCGATACCATTCTGGCGAAATACCGTACTAAAGACGGTTTTGAAACCTACGACAAATTGACCGATGCCGACCGGAATGCACTGAAAGGACCGATTACTGCGCTGGCGGAAGATCTGGCGCAACTTCGCGGTGTGCTGGGATTGGATTAA,1128,53TC27GA16AG11GC350CG11CT5GT41AG23TC2TC80CT2AG8TC50GC17GC77CT38TC81TC38CT170CT8
UMN026,efeO,UMN026,1257280,1258407,plus,0.0,ATGACCATTAACTTCCGCCGTAACGCATTGCAGTTGAGCGTGGCTGCGCTGTTTTCTTCTGCTTTTATGGCTAACGCCGCTGATGTGCCGCAGGTCAAAGTGACCGTGACGGATAAGCAGTGCGAACCGATGACCATTACGGTTAACGCCGGGAAAACACAGTTCATTATTCAGAACCACAGCCAGAAGGCGCTGGAGTGGGAGATCCTCAAAGGCGTGATGGTGGTGGAAGAGCGGGAAAATATCGCCCCTGGTTTTAGCCAGAAAATGACGGCGAATTTACAGCCTGGTGAATACGATATGACCTGCGGTCTGCTGACTAACCCGAAAGGGAAGTTGATCGTCAAAGGTGAAGCAACGGCGGATGCGGCGCAAAGTGATGCGCTGTTAAGTCTTGGTGATGCAATTACTGCATATAAAGCGTATGTCATGGCGGAAACCACGCAGCTGGTGACCGACACCAAAGCCTTTACCGACGCTATTAAAGCAGGCGATATCGAAAAAGCAAAAGCACTGTATGCGCCGACGCGCCAGCACTATGAGCGCATTGAACCGATTGCTGAACTGTTCTCCGATCTGGATGGCAGCATTGACGCCCGTGAAGATGATTACGAGCAAAAAGCCGCCGATCCGAAATTCACTGGTTTCCACCGTCTGGAAAAAGCATTGTTTGGCGACAACACCACCAAAGGAATGGATCAGTACGCTGACCAGCTTTATAGCGATGTGGTCGATTTGCAAAAACGCATCAGTGAACTGGCTTTCCCTCCGTCAAAAGTGGTCGGCGGCGCAGCCGGACTGATTGAGGAAGTGGCAGCCAGCAAAATCAGCGGTGAAGAAGATCGCTACAGCCACACCGATCTGTGGGATTTTCAGGCTAACGTTGAAGGCTCGCAGAAAATTGTCGATCTGCTGCGTCCACAACTGCAAAAAGCCAACCCGGAACTGTTGGCAAAAGTCGATGCCAACTTCAAAAAGGTCGATACCATTCTGGCGAAATACCGTACTAAAGGCGGTTTTGAAACCTACGACAAATTGACCGATGCCGACCGTAACGCACTGAAAGGGCCGATTACTGCGCTGGCGGAAGATCTGGCGCAACTTCGCGGTGTGCTGGGACTGGATTAA,1128,254CT35CT62GA46GA78GT26GA14AG23TC83CT2AG59GA17GC10CG45AT2TG56TC44CT36TC38CT22TC40AG39GT2TC11AG60
SMS-3-5,efeO,SMS-3-5,2114885,2113758,minus,0.0,ATGACCATTAACTTCCGCCGTAACGCATTGCAGTTGAGCGTGGCTGCGCTGTTCTCTTCTGCTTTTATGGCTAACGCCGCTGATATTCCGCAAGTCAAAGTGACCGTAACGGATAAGCAGTGCGAACCGATGACCATTACGGTTAACGCCGGGAAAACACAGTTCATTATTCAGAACCACAGCCAGAAGGCGCTGGAGTGGGAGATCCTGAAAGGCGTGATGGTGGTGGAAGAGCGGGAAAATATCGCCCCTGGCTTTAGCCAGAAAATGACGGCGAATTTACAGCCTGGCGAATACGATATGACCTGCGGTCTGCTGACTAACCCGAAAGGGAAGTTGATCGTCAAAGGTGAGGCAACGGCGGATGCGGCGCAAAGTGATGCGCTGTTAAGTCTTGGTGGTGCAATTACTGCATATAAAGCGTATGTCATGGCGGAAACCACGCAGCTGGTGACCGACACCAAAGCCTTTACCGACGCGATTAAAGCAGGCGATATCGAAAAAGCGAAAGCACTGTATGCGCCGACGCGCCAGCACTATGAGCGCATTGAACCGATTGCTGAACTGTTCTCCGATCTGGATGGCAGCATTGACGCCCGTGAAGATGATTACGAGCAAAAAGCCGCCGATCCAAAATTCACCGGTTTCCACCGTCTGGAAAAAGCATTGTTTGGCGACAACACCACCAAAGGGATGGATAAGTACGCTGACCAGCTTTATACCGATGTGGTCGATTTGCAAAAACGCATCAGTGAACTGGCTTTCCCACCTTCAAAAGTGGTCGGCGGTGCAGCCGGACTGATTGAGGAAGTGGCAGCCAGCAAAATCAGCGGTGAAGAAGATCGCTACAGCCACACCGATCTGTGGGATTTCCAGGCTAACGTTGAAGGCTCGCAGAAAATTGTCGATCTGCTGCGTCCACAACTACAAAAAGCGAATCCGGAACTGCTGGCAAAAGTCGATGCCAATTTCAAAAAGGTCGATACCATTCTGGCGAAATACCGTACTAAAGACGGTTTTGAAACCTACGACAAATTGACCGATGCTGACCGTAATGCGCTGAAAGGGCCGATTACTGCGCTGGCGGAAGATCTGGCGCAACTTCGCGGTGTGCTGGGGCTGGACTAA,1128,53TC30GA1GT5GA14GA101CG311AG23TC83CT11TC57CA10GC77CT38TC81TC16GA8CG2CT29CT2TC74CT5GT5AG8AG50AG5TC3
CE10,efeO,CE10,1156635,1157762,plus,0.0,ATGACCATTAACTTCCGCCGTAACGCATTGCAGTTGAGCGTGGCTGCGCTGTTTTCTTCTGCTTTTATGGCTAACGCCGCTGATGTGCCGCAGGTCAAAGTGACCGTGACGGATAAGCAGTGCGAACCGATGACCATTACGGTTAACGCCGGGAAAACACAGTTCACTATTCAGAACCACAGCCAGAAGGCGCTGGAGTGGGAGATCCTCAAAGGCGTGATGGTGGTGGAAGAGCGGGAAAATATCGCCCCTGGCTTTAGCCAGAAAATGACGGCGAATTTACAGCCTGGCGAATACGATATGACCTGCGGTCTGCTGACTAACCCGAAAGGGAAGTTGATCGTCAAAGGTGAGGCAACGGCGGATGCGGCGCAAAGTGATGCGCTGTTAAGTCTTGGTGGTGCAATTACTGCATATAAAGCGTATGTCATGGCGGAAACCACGCAGCTGGTGACCGACACCAAAGCCTTTACCGACGCGATTAAAGCAGGCGATATCGAAAAAGCGAAAGCACTGTATGCGCCGACGCGCCAGCACTATGAGCGCATTGAACCGATTGCTGAACTGTTCTCCGATCTGGATGGCAGCATTGACGCCCGTGAAGATGATTACGAGCAAAAAGCCGCCGATCCAAAATTCACCGGTTTCCACCGTCTGGAAAAAGCATTGTTTGGCGATAACACCACTAAAGGGATGGATAAGTATGCCGACCAGCTTTATACCGATGTGGTCGATTTGCAAAAACGCATCAGTGAACTGGCTTTCCCACCTTCAAAAGTGGTCGGCGGTGCAGCCGGACTGATTGAGGAAGTGGCAGCCAGCAAAATCAGCGGTGAAGAAGATCGCTACAGCCACACCGATCTGTGGGATTTCCAGGCTAACGTTGAAGGCTCGCAGAAAATTGTCGATCTGCTGCGTCCACAACTGCAAAAGGCCAACCCGGAACTGCTGGCAAAAGTCGATGCCAATTTCAAAAAGGTCGATACCATTCTGGCGAAATACCGAACCAAAGACGGTTATGAAACTTACGACAAGCTGACCGATGCCGACCGTAATGCGCTGAAAGGGCCGATTACTGCGCTGGCGGAAGATCTGGCGCAACTTCGTGGTGTGCTGGGACTGGATTAA,1128,166TC354AG23TC83CT11TC35CT8CT12CA4CT2TC2GC77CT38TC81TC22AG35CT2TC32TA2TC10TA6CT8AGTC16GT5AG8AG38CT21
IAI39,efeO,IAI39,2181948,2180821,minus,0.0,ATGACCATTAACTTCCGCCGTAACGCATTGCAGTTGAGCGTGGCTGCGCTGTTTTCTTCTGCTTTTATGGCTAACGCCGCTGATGTGCCGCAGGTCAAAGTGACCGTGACGGATAAGCAGTGCGAACCGATGACCATTACGGTTAACGCCGGGAAAACACAGTTCACTATTCAGAACCACAGCCAGAAGGCGCTGGAGTGGGAGATCCTCAAAGGCGTGATGGTGGTGGAAGAGCGGGAAAATATCGCCCCTGGCTTTAGCCAGAAAATGACGGCGAATTTACAGCCTGGCGAATACGATATGACCTGCGGTCTGCTGACTAACCCGAAAGGGAAGTTGATCGTCAAAGGTGAGGCAACGGCGGATGCGGCGCAAAGTGATGCGCTGTTAAGTCTTGGTGGTGCAATTACTGCATATAAAGCGTATGTCATGGCGGAAACCACGCAGCTGGTGACCGACACCAAAGCCTTTACCGACGCGATTAAAGCAGGCGATATCGAAAAAGCGAAAGCACTGTATGCGCCGACGCGCCAGCACTATGAGCGCATTGAACCGATTGCTGAACTGTTCTCCGATCTGGATGGCAGCATTGACGCCCGTGAAGATGATTACGAGCAAAAAGCCGCCGATCCAAAATTCACCGGTTTCCACCGTCTGGAAAAAGCATTGTTTGGCGATAACACCACTAAAGGGATGGATAAGTATGCCGACCAGCTTTATACCGATGTGGTCGATTTGCAAAAACGCATCAGTGAACTGGCTTTCCCACCTTCAAAAGTGGTCGGCGGTGCAGCCGGACTGATTGAGGAAGTGGCAGCCAGCAAAATCAGCGGTGAAGAAGATCGCTACAGCCACACCGATCTGTGGGATTTCCAGGCTAACGTTGAAGGCTCGCAGAAAATTGTCGATCTGCTGCGTCCACAACTGCAAAAGGCCAACCCGGAACTGCTGGCAAAAGTCGATGCCAATTTCAAAAAGGTCGATACCATTCTGGCGAAATACCGAACCAAAGACGGTTATGAAACTTACGACAAGCTGACCGATGCCGACCGTAATGCGCTGAAAGGGCCGATTACTGCGCTGGCGGAAGATCTGGCGCAACTTCGTGGTGTGCTGGGACTGGATTAA,1128,166TC354AG23TC83CT11TC35CT8CT12CA4CT2TC2GC77CT38TC81TC22AG35CT2TC32TA2TC10TA6CT8AGTC16GT5AG8AG38CT21
UTI89,efeO,UTI89,1068852,1069979,plus,0.0,ATGACCATTAACTTCCGCCGTAACGCATTGCAGTTGAGCGTGGCTGCGCTGTTCTCTTCTGCTTTTATGGCTAACGCCGCTGATATTCCGCAAGTCAAAGTGACCGTGACGGATAAGCAGTGCGAGCCGATGACCATTACGGTTAACGCCGGGAAAACACAGTTCATTATTCAGAACCACAGCCAGAAGGCGCTGGAGTGGGAGATCCTCAAAGGCGTGATGGTGGTGGAAGAGCGGGAAAATATCGCCCCTGGTTTTAGCCAGAAAATGACGGCGAATTTACAGCCTGGCGAATACGATATGACCTGCGGTCTGCTGACTAACCCGAAAGGGAAGTTGATCGTCAAAGGTGAAGCAACGGCGGATGCGGCGCAAAGTGATGCGCTGTTAAGTCTTGGTGGTGCAATTACTGCATATAAAGCGTATGTCATGGCGGAAACCACGCAACTGGTGACCGACACCAAAGCCTTTACCGACGCTATTAAAGCAGGCGATATCGAAAAAGCGAAAGCACTGTATGCGCCGACGCGCCAGCACTATGAGCGCATTGAACCGATTGCTGAACTGTTCTCCGATCTGGATGGCAGCATTGACGCCCGTGAAGATGATTACGAGCAAAAAGCCGCCGATCCAAAATTCACCGGTTTCCACCGTCTGGAAAAAGCATTGTTTGGCGATAACACCACCAAAGGGATGGATAAGTATGCTGACCAGCTTTATACCGATGTGGTCGATTTGCAAAAACGCATCAGTGAACTGGCTTTCCCTCCTTCAAAAGTGGTCGGCGGTGCAGCCGGACTGATTGAGGAAGTGGCGGCCAGCAAAATCAGCGGTGAAGAAGATCGCTACAGCCACACCGATCTGTGGGATTTCCAGGCTAACGTTGAAGGCTCGCAGAAAATTGTCGATCTGCTGCGTCCACAACTACAAAAAGCGAATCCGGAACTGCTGGCAAAAGTCGATGCCAACTTCAAAAAGGTCGATACCATTCTGGCGAAATACCGTACTAAAGACGGTTTTGAAAATTACGACAAACTGACCGATGCTGACCGGAATGCACTGAAAGGACCGATTACTGCGCTGGCGGAAGATCTGGCGCAACTTCGCGGTGTGCTGGGGCTGGACTAA,1128,53TC30GA1GT5GA32AG128CT98GA92GA32GT41AG23TC83CT11TC35CT21CA4CT5GC56AT20CT26AG11TC81TC16GA8CG2CT32TC52CACT9TC10CT71AG5TC3
S88,efeO,S88,1071397,1072524,plus,0.0,ATGACCATTAACTTCCGCCGTAACGCATTGCAGTTGAGCGTGGCTGCGCTGTTCTCTTCTGCTTTTATGGCTAACGCCGCTGATATTCCGCAAGTCAAAGTGACCGTGACGGATAAGCAGTGCGAGCCGATGACCATTACGGTTAACGCCGGGAAAACACAGTTCATTATTCAGAACCACAGCCAGAAGGCGCTGGAGTGGGAGATCCTCAAAGGCGTGATGGTGGTGGAAGAGCGGGAAAATATCGCCCCTGGTTTTAGCCAGAAAATGACGGCGAATTTACAGCCTGGCGAATACGATATGACCTGCGGTCTGCTGACTAACCCGAAAGGGAAGTTGATCGTCAAAGGTGAAGCAACGGCGGATGCGGCGCAAAGTGATGCGCTGTTAAGTCTTGGTGGTGCAATTACTGCATATAAAGCGTATGTCATGGCGGAAACCACGCAACTGGTGACCGACACCAAAGCCTTTACCGACGCTATTAAAGCAGGCGATATCGAAAAAGCGAAAGCACTGTATGCGCCGACGCGCCAGCACTATGAGCGCATTGAACCGATTGCTGAACTGTTCTCCGATCTGGATGGCAGCATTGACGCCCGTGAAGATGATTACGAGCAAAAAGCCGCCGATCCAAAATTCACCGGTTTCCACCGTCTGGAAAAAGCATTGTTTGGCGATAACACCACCAAAGGGATGGATAAGTATGCTGACCAGCTTTATACCGATGTGGTCGATTTGCAAAAACGCATCAGTGAACTGGCTTTCCCTCCTTCAAAAGTGGTCGGCGGTGCAGCCGGACTGATTGAGGAAGTGGCGGCCAGCAAAATCAGCGGTGAAGAAGATCGCTACAGCCACACCGATCTGTGGGATTTCCAGGCTAACGTTGAAGGCTCGCAGAAAATTGTCGATCTGCTGCGTCCACAACTACAAAAAGCGAATCCGGAACTGCTGGCAAAAGTCGATGCCAACTTCAAAAAGGTCGATACCATTCTGGCGAAATACCGTACTAAAGACGGTTTTGAAAATTACGACAAACTGACCGATGCTGACCGGAATGCACTGAAAGGACCGATTACTGCGCTGGCGGAAGATCTGGCGCAACTTCGCGGTGTGCTGGGGCTGGACTAA,1128,53TC30GA1GT5GA32AG128CT98GA92GA32GT41AG23TC83CT11TC35CT21CA4CT5GC56AT20CT26AG11TC81TC16GA8CG2CT32TC52CACT9TC10CT71AG5TC3
E2348/69 ,efeO,E2348/69,1114992,1116119,plus,0.0,ATGACCATTAACTTCCGTCGTAACGCATTGCAGTTGAGCGTGGCTGCGCTGTTCTCTTCTGCTTTTATGGCTAACGCCGCCGATATTCCGCAAGTCAAAGTCACTGTGACAGATAAGCAGTGCGAGCCGATGACCATTACGGTTAACGCCGGGAAAACACAGTTCATTATTCAGAACCACAGCCAGAAGGCGCTGGAGTGGGAGATCCTCAAAGGCGTGATGGTGGTGGAAGAGCGGGAAAATATCGCCCCTGGTTTTAGCCAGAAAATGACGGCGAATTTACAGCCTGGCGAATACGATATGACCTGCGGTCTGCTGACTAACCCGAAAGGGAAGTTGATCGTCAAAGGTGAAGCAACGGCGGATGCGGCGCAAAGTGATGCGCTGTTAAGTCTTGGTGGTGCAATTACTGCATATAAAGCGTATGTCATGGCGGAAACCACGCAATTGGTGACCGACACCAAAGCCTTTACCGACGCTATTAAAGCAGGCGATATCGAAAAAGCGAAAGCACTGTATGCGCCGACGCGCCAGCACTATGAGCGCATCGAACCGATTGCTGAACTGTTCTCCGATCTGGATGGCAGCATTGACGCCCGTGAAGATGATTACGAGCAAAAAGCCGCTGATCCGAAATTCACCGGTTTCCACCGTCTGGAAAAAGCATTGTTTGGCGATAACACCACCAAAGGAATGGATAAGTACGCTGACCAGCTTTATAGCGATGTGGTCGATTTGCAAAAACGCATCAGTGAACTGGCTTTCCCTCCTTCAAAAGTAGTCGGCGGTGCAGCCGGACTGATTGAGGAAGTGGCGGCCAGCAAAATCAGCGGTGAAGAAGATCGCTACAGCCACACCGATCTGTGGGATTTCCAGGCTAACGTTGAAGGCTCGCAGAAAATTGTCGATCTGCTGCGTCCACAACTACAAAAAGCGAATCCGGAACTGCTGGCAAAAGTCGATGCCAACTTCAAAAAGGTCGATACTATTCTGGCGAAATACCGCACTAAAGAGGGTTTTGAAAATTACGACAAACTGACCGATGCCGACCGGAATGCACTGAAAGGACCGATTACTGCGCTGGCGGAAGATCTGGCGCAACTTCGCGGTGTGCTGGGGCTGGACTAA,1128,17CT35TC26TC3GA1GT5GA8GC2CT5GA14AG128CT98GA92GACT31GT41AG23TC2TC77CT2CT2AG8TC35CT14GA6CA10GC10CG45AT11GA8CT26AG11TC81TC16GA8CG2CT32TC14CT17TC8CG10CACT9TC82AG5TC3
BW2952,efeB,BW2952,985567,986838,plus,0.0,ATGCAGTATAAAGATGAAAACGGCGTGAATGAACCGTCACGCCGACGTTTACTGAAAGTGATAGGTGCACTGGCGCTGGCGGGAAGTTGTCCGGTCGCTCATGCACAAAAAACGCAAAGTGCGCCGGGTACGCTTTCACCGGATGCTCGCAATGAGAAACAGCCGTTTTATGGTGAGCATCAGGCAGGGATCCTGACGCCACAACAGGCCGCAATGATGCTGGTGGCGTTTGATGTGCTTGCCAGCGATAAAGCCGATCTTGAGCGGTTGTTTCGCTTGTTGACTCAGCGTTTTGCTTTTCTGACTCAGGGCGGAGCAGCACCAGAAACGCCAAATCCGCGCCTGCCACCACTCGATTCCGGCATTCTTGGCGGCTACATTGCGCCCGATAATCTCACCATCACGTTATCGGTGGGTCACTCATTGTTTGATGAGCGCTTTGGCCTTGCGCCACAGATGCCAAAAAAGCTGCAGAAGATGACGCGTTTCCCCAACGACTCGCTGGATGCGGCGTTATGTCATGGTGATGTGTTGCTACAGATTTGCGCCAACACCCAGGACACGGTTATCCATGCGCTGCGCGATATCATCAAACACACGCCGGATTTGCTCAGTGTGCGCTGGAAGCGGGAAGGGTTTATTTCCGATCACGCGGCGCGTAGTAAAGGCAAAGAGACGCCGATTAATTTGCTGGGTTTCAAAGACGGCACTGCCAATCCCGATAGCCAGAATGATAAGTTGATGCAAAAAGTGGTGTGGGTAACGGCAGATCAGCAGGAGCCTGCGTGGACAATCGGTGGCAGCTATCAGGCAGTACGCTTGATTCAGTTTCGAGTGGAATTTTGGGACAGAACGCCGCTGAAAGAACAGCAGACGATTTTTGGCCGTGATAAGCAAACCGGTGCGCCGCTGGGAATGCAGCATGAGCATGATGTGCCTGATTACGCCAGCGACCCGGAAGGGAAGGTGATCGCGCTGGACAGCCATATCCGGCTGGCGAATCCCCGCACGGCGGAGAGTGAGTCCAGCCTGATGCTGCGTCGTGGCTACAGTTATTCACTGGGCGTCACCAACTCCGGGCAACTGGATATGGGGTTGCTGTTTGTCTGCTACCAACACGATCTGGAAAAAGGCTTCCTGACAGTACAAAAAAGGCTCAATGGCGAAGCGCTGGAGGAATACGTTAAACCTATCGGCGGCGGTTATTTTTTTGCGCTGCCGGGGGTGAAGGACGCGAACGATTATTTCGGAAGCGCGTTATTGCGGGTTTAA,1272,1272
MG1655,efeB,MG1655,1083376,1084647,plus,0.0,ATGCAGTATAAAGATGAAAACGGCGTGAATGAACCGTCACGCCGACGTTTACTGAAAGTGATAGGTGCACTGGCGCTGGCGGGAAGTTGTCCGGTCGCTCATGCACAAAAAACGCAAAGTGCGCCGGGTACGCTTTCACCGGATGCTCGCAATGAGAAACAGCCGTTTTATGGTGAGCATCAGGCAGGGATCCTGACGCCACAACAGGCCGCAATGATGCTGGTGGCGTTTGATGTGCTTGCCAGCGATAAAGCCGATCTTGAGCGGTTGTTTCGCTTGTTGACTCAGCGTTTTGCTTTTCTGACTCAGGGCGGAGCAGCACCAGAAACGCCAAATCCGCGCCTGCCACCACTCGATTCCGGCATTCTTGGCGGCTACATTGCGCCCGATAATCTCACCATCACGTTATCGGTGGGTCACTCATTGTTTGATGAGCGCTTTGGCCTTGCGCCACAGATGCCAAAAAAGCTGCAGAAGATGACGCGTTTCCCCAACGACTCGCTGGATGCGGCGTTATGTCATGGTGATGTGTTGCTACAGATTTGCGCCAACACCCAGGACACGGTTATCCATGCGCTGCGCGATATCATCAAACACACGCCGGATTTGCTCAGTGTGCGCTGGAAGCGGGAAGGGTTTATTTCCGATCACGCGGCGCGTAGTAAAGGCAAAGAGACGCCGATTAATTTGCTGGGTTTCAAAGACGGCACTGCCAATCCCGATAGCCAGAATGATAAGTTGATGCAAAAAGTGGTGTGGGTAACGGCAGATCAGCAGGAGCCTGCGTGGACAATCGGTGGCAGCTATCAGGCAGTACGCTTGATTCAGTTTCGAGTGGAATTTTGGGACAGAACGCCGCTGAAAGAACAGCAGACGATTTTTGGCCGTGATAAGCAAACCGGTGCGCCGCTGGGAATGCAGCATGAGCATGATGTGCCTGATTACGCCAGCGACCCGGAAGGGAAGGTGATCGCGCTGGACAGCCATATCCGGCTGGCGAATCCCCGCACGGCGGAGAGTGAGTCCAGCCTGATGCTGCGTCGTGGCTACAGTTATTCACTGGGCGTCACCAACTCCGGGCAACTGGATATGGGGTTGCTGTTTGTCTGCTACCAACACGATCTGGAAAAAGGCTTCCTGACAGTACAAAAAAGGCTCAATGGCGAAGCGCTGGAGGAATACGTTAAACCTATCGGCGGCGGTTATTTTTTTGCGCTGCCGGGGGTGAAGGACGCGAACGATTATTTCGGAAGCGCGTTATTGCGGGTTTAA,1272,1272
REL606,efeB,REL606,1099661,1100932,plus,0.0,ATGCAGTATAAAGATGAAAACGGCGTGAATGAACCGTCACGCCGACGTTTACTGAAAGTGATAGGTGCACTGGCGCTGGCGGGAAGTTGTCCGGTCGCTCATGCACAAAAAACGCAAAGTGCGCCGGGTACGCTTTCACCGGATGCTCGCAATGAGAAACAGCCGTTTTATGGTGAGCATCAGGCAGGGATCCTGACGCCACAACAGGCCGCAATGATGCTGGTGGCGTTTGATGTGCTTGCCAGCGATAAAGCCGATCTTGAGCGGTTGTTTCGCTTGTTGACTCAGCGTTTTGCTTTTCTGACTCAGGGCGGAGCAGCACCAGAAACGCCAAATCCGCGCCTGCCACCACTCGATTCCGGCATTCTTGGCGGCTACATTGCGCCCGATAATCTCACCATCACGTTATCGGTGGGTCACTCATTGTTTGATGAGCGCTTTGGCCTTGCGCCACAGATGCCAAAAAAGCTGCAGAAGATGACGCGTTTCCCCAACGACTCGCTGGATGCGGCGTTATGTCATGGTGATGTGTTGCTACAGATTTGCGCCAACACCCAGGACACGGTTATCCATGCGCTGCGCGATATCATCAAACACACGCCGGATTTGCTCAGTGTGCGCTGGAAGCGGGAAGGGTTTATTTCCGATCACGCGGCGCGTAGTAAAGGCAAAGAGACGCCGATTAATTTGCTGGGTTTCAAAGACGGCACTGCCAATCCCGATAGCCAGAATGATAAGTTGATGCAAAAAGTGGTGTGGGTAACGGCAGATCAGCAGGAGCCTGCGTGGACAATCGGTGGCAGCTATCAGGCAGTACGCTTGATTCAGTTTCGAGTGGAATTTTGGGACAGAACGCCGCTGAAAGAACAGCAGACGATTTTTGGCCGTGATAAGCAAACCGGTGCGCCGCTGGGAATGCAGCATGAGCATGATGTGCCTGATTACGCCAGCGACCCGGAAGGGAAGGTGATCGCGCTGGACAGCCATATCCGGCTGGCGAATCCCCGCACGGCGGAGAGTGAGTCCAGCCTGATGCTGCGTCGTGGCTACAGTTATTCACTGGGCGTCACCAACTCCGGGCAACTGGATATGGGATTGCTGTTTGTCTGCTACCAACACGATCTGGAAAAAGGCTTCCTGACAGTACAAAAAAGGCTCAATGGCGAAGCGCTGGAGGAATACGTTAAACCTATCGGCGGCGGTTATTTTTTTGCGCTGCCGGGGGTGAAGGACGCGAACGATTATTTCGGAAGCGCGTTATTGCGGGTTTAA,1272,1094GA177
IAI1,efeB,IAI1,1134982,1136253,plus,0.0,ATGCAGTATAAAGATGAAAACGGCGTGAATGAACCGTCACGCCGACGTTTACTGAAAGGGATAGGTGCACTGGCGCTGGCGGGAAGTTGTCCGGTCGCTCATGCACAAAAAACGCAAAGTGCGCCGGGTACGCTTTCACCGGATGCACGCAATGAGAAACAGCCGTTTTATGGTGAGCATCAGGCAGGGATCCTGACGCCACAACAGGCCGCAATGATGCTGGTGGCGTTTGATGTGCTTGCCAGCGATAAAGCCGATCTTGAGCGGTTGTTTCGCTTGTTGACTCAGCGTTTTGCTTTTCTGACTCAGGGCGGAGCAGCACCAGAAACGCCAAATCCGCGCCTGCCACCACTCGATTCCGGCATTCTTGGCGGCTACATTGCGCCCGATAATCTCACCATCACGTTATCGGTGGGTCACTCATTGTTTGATGAGCGCTTTGGCCTTGCGCCACAGATGCCAAAAAAGCTGCAGAAGATGACGCGTTTCCCCAACGACTCGCTGGATGCGGCGTTATGTCATGGTGATGTGTTGCTACAGATTTGCGCCAACACCCAGGACACGGTTATCCATGCGCTGCGCGATATCATCAAACACACGCCGGATTTGCTCAGTGTGCGCTGGAAGCGGGAAGGGTTTATTTCCGATCACGCGGCGCGTAGTAAAGGCAAAGAGACGCCGATTAATTTGCTGGGTTTCAAAGACGGCACTGCCAATCCCGATAGCCAGAATGATAAGTTGATGCAAAAAGTGGTGTGGATAACGGCAGATCAGCAGGAGCCTGCGTGGACAATCGGTGGCAGCTATCAGGCAGTACGCTTGATTCAGTTTCGAGTGGAATTTTGGGACAGAACGCCGCTGAAAGAACAGCAGACGATTTTTGGCCGTGATAAGCAAACCGGTGCGCCGCTGGGAATGCAGCATGAGCATGATGTGCCTGATTACGCCAGCGACCCGGAAGGGAAGGTGATCGCGCTGGACAGCCATATCCGGCTGGCGAATCCCCGCACGGCGGAGAGTGAGTCCAGCCTGATGCTGCGTCGCGGCTACAGTTATTCGTTGGGGGTCACCAACTCCGGACAACTGGATATGGGGTTGCTGTTTGTCTGCTACCAGCACGATCTGGAAAAAGGCTTCCTGACAGTACAAAAAAGGCTCAATGGCGAAGCGCTGGAGGAATACGTTAAACCTATCGGCGGCGGTTATTTTTTTGCGCTGCCGGGGGTGAAGGACGCGAACGATTATTTCGGAAGCGCGTTATTGCGGGTTTAA,1272,58TG87TA612GA283TC14AGCT4CG14GA35AG156
EDL933,efeB,EDL933,1410100,1411371,plus,0.0,ATGCAGTATGAAGATAAAAACGGCGTGAATGAACCGTCACGCCGACGTTTACTGAAAGGCATTGGTGCGCTGGCGCTGGCGGGAAGTTGTCCGGTCGCTCATGCACAAAAAACGCAAAGTGCGCCGGGTACGCTTTCACCGGTTGCACGCAATGAGAAACAGCCGTTTTATGGTGAGCATCAGGCAGGGATCCTGACGCCACAACAGGCCGCAATGATGCTGGTGGCGTTTGATGTGCTTGCCAGCGATAAAGCCGATCTTGAACGGTTGTTTCGCTTGTTGACTCAGCGTTTTGCTTTTCTGACTCAGGGCGGAGCGGCACCAGAAACGCCAAATCCGCGCCTGCCACCACTCGATTCCGGCATTCTTGGCGGCTACATTGCGCCCGATAATCTCACCATCACGTTATCGGTGGGTCACTCATTGTTTGATGAGCGCTTTGGCCTTGCGCCACAGATGCCGAAAAAGTTGCAGAAGATGACGCGTTTTCCCAACGACTCGCTGGATGCGGCGTTATGTCATGGTGATGTGTTGCTACAAATTTGCGCCAACACCCAGGACACGGTGATCCATGCACTGCGCGATATCATCAAACATACGCCGGATTTGCTCAGCGTGCGCTGGAAGCGGGAAGGGTTTATTTCCGATCACGCGGCGCGTAGTAAAGGCAAAGAGACGCCGATTAATTTGCTGGGTTTCAAAGACGGCACTGCCAATCCCGATAGCCAGAATGATAAGTTGATGCAAAAAGTGGTGTGGGTAACGGCAGATCAGCAGGAGCCTGCGTGGACAATCGGTGGCAGCTATCAGGCAGTACGCTTGATTCAGTTTCGAGTGGAATTTTGGGACAGAACGCCGCTGAAAGAACAGCAGACGATTTTTGGCCGTGATAAGCAAACCGGTGCGCCGCTGGGAATGCAGCATGAGCATGATGTGCCTGATTACGCCAGCGACCCGGAAGGGAAGGGGATTGCGCTGGACAGCCATATCCGGCTGGCGAATCCCCGCACGGCGGAGAGTGAGTCCAGCCTGATGCTGCGTCGTGGCTACAGTTATTCACTGGGCGTCACCAACTCCGGGCAACTGGATATGGGGCTACTGTTTGTCTGTTACCAACACGATCTGGAAAAAGGCTTCCTGACAGTACAAAAAAGGCTCAATGGCGAAGCGCTGGAGGAATACGTTAAACCTATCGGCGGCGGTTATTTTTTTGCGCTGCCGGGAGTGAAGGACGCGAACGATTATCTCGGAAGCGCGTTATTGCGGGTTTAA,1272,9AG5GA42TGGC2AT5AG73AT3TA116GA53AG143AG6CT19CT50GA26TG8GA20CT17TC352TG3CT123TC1GA11CT113GA21TC26
Sakai,efeB,Sakai,1326470,1327741,plus,0.0,ATGCAGTATGAAGATAAAAACGGCGTGAATGAACCGTCACGCCGACGTTTACTGAAAGGCATTGGTGCGCTGGCGCTGGCGGGAAGTTGTCCGGTCGCTCATGCACAAAAAACGCAAAGTGCGCCGGGTACGCTTTCACCGGTTGCACGCAATGAGAAACAGCCGTTTTATGGTGAGCATCAGGCAGGGATCCTGACGCCACAACAGGCCGCAATGATGCTGGTGGCGTTTGATGTGCTTGCCAGCGATAAAGCCGATCTTGAACGGTTGTTTCGCTTGTTGACTCAGCGTTTTGCTTTTCTGACTCAGGGCGGAGCGGCACCAGAAACGCCAAATCCGCGCCTGCCACCACTCGATTCCGGCATTCTTGGCGGCTACATTGCGCCCGATAATCTCACCATCACGTTATCGGTGGGTCACTCATTGTTTGATGAGCGCTTTGGCCTTGCGCCACAGATGCCGAAAAAGTTGCAGAAGATGACGCGTTTTCCCAACGACTCGCTGGATGCGGCGTTATGTCATGGTGATGTGTTGCTACAAATTTGCGCCAACACCCAGGACACGGTGATCCATGCACTGCGCGATATCATCAAACATACGCCGGATTTGCTCAGCGTGCGCTGGAAGCGGGAAGGGTTTATTTCCGATCACGCGGCGCGTAGTAAAGGCAAAGAGACGCCGATTAATTTGCTGGGTTTCAAAGACGGCACTGCCAATCCCGATAGCCAGAATGATAAGTTGATGCAAAAAGTGGTGTGGGTAACGGCAGATCAGCAGGAGCCTGCGTGGACAATCGGTGGCAGCTATCAGGCAGTACGCTTGATTCAGTTTCGAGTGGAATTTTGGGACAGAACGCCGCTGAAAGAACAGCAGACGATTTTTGGCCGTGATAAGCAAACCGGTGCGCCGCTGGGAATGCAGCATGAGCATGATGTGCCTGATTACGCCAGCGACCCGGAAGGGAAGGGGATTGCGCTGGACAGCCATATCCGGCTGGCGAATCCCCGCACGGCGGAGAGTGAGTCCAGCCTGATGCTGCGTCGTGGCTACAGTTATTCACTGGGCGTCACCAACTCCGGGCAACTGGATATGGGGCTACTGTTTGTCTGTTACCAACACGATCTGGAAAAAGGCTTCCTGACAGTACAAAAAAGGCTCAATGGCGAAGCGCTGGAGGAATACGTTAAACCTATCGGCGGCGGTTATTTTTTTGCGCTGCCGGGAGTGAAGGACGCGAACGATTATCTCGGAAGCGCGTTATTGCGGGTTTAA,1272,9AG5GA42TGGC2AT5AG73AT3TA116GA53AG143AG6CT19CT50GA26TG8GA20CT17TC352TG3CT123TC1GA11CT113GA21TC26
TW14359,efeB,TW14359,1268892,1270163,plus,0.0,ATGCAGTATGAAGATAAAAACGGCGTGAATGAACCGTCACGCCGACGTTTACTGAAAGGCATTGGTGCGCTGGCGCTGGCGGGAAGTTGTCCGGTCGCTCATGCACAAAAAACGCAAAGTGCGCCGGGTACGCTTTCACCGGTTGCACGCAATGAGAAACAGCCGTTTTATGGTGAGCATCAGGCAGGGATCCTGACGCCACAACAGGCCGCAATGATGCTGGTGGCGTTTGATGTGCTTGCCAGCGATAAAGCCGATCTTGAACGGTTGTTTCGCTTGTTGACTCAGCGTTTTGCTTTTCTGACTCAGGGCGGAGCGGCACCAGAAACGCCAAATCCGCGCCTGCCACCACTCGATTCCGGCATTCTTGGCGGCTACATTGCGCCCGATAATCTCACCATCACGTTATCGGTGGGTCACTCATTGTTTGATGAGCGCTTTGGCCTTGCGCCACAGATGCCGAAAAAGTTGCAGAAGATGACGCGTTTTCCCAACGACTCGCTGGATGCGGCGTTATGTCATGGTGATGTGTTGCTACAAATTTGCGCCAACACCCAGGACACGGTGATCCATGCACTGCGCGATATCATCAAACATACGCCGGATTTGCTCAGCGTGCGCTGGAAGCGGGAAGGGTTTATTTCCGATCACGCGGCGCGTAGTAAAGGCAAAGAGACGCCGATTAATTTGCTGGGTTTCAAAGACGGCACTGCTAATCCCGATAGCCAGAATGATAAGTTGATGCAAAAAGTGGTGTGGGTAACGGCAGATCAGCAGGAGCCTGCGTGGACAATCGGTGGCAGCTATCAGGCAGTACGCTTGATTCAGTTTCGAGTGGAATTTTGGGATAGAACGCCGCTGAAAGAACAGCAGACGATTTTTGGCCGTGATAAGCAAACCGGTGCGCCGCTGGGAATGCAGCATGAGCATGATGTGCCTGATTACGCCAGCGACCCGGAAGGGAAGGGGATTGCGCTGGACAGCCATATCCGGCTGGCGAATCCCCGCACGGCGGAGAGTGAGTCCAGCCTGATGCTGCGTCGTGGCTACAGTTATTCACTGGGCGTCACCAACTCCGGGCAACTGGATATGGGGCTACTGTTTGTCTGTTACCAACACGATCTGGAAAAAGGCTTCCTGACAGTACAAAAAAGGCTCAATGGCGAAGCGCTGGAGGAATACGTTAAACCTATCGGCGGCGGTTATTTTTTTGCGCTGCCGGGAGTGAAGGACGCGAACGATTATCTCGGAAGCGCGTTATTGCGGGTTTAA,1272,9AG5GA42TGGC2AT5AG73AT3TA116GA53AG143AG6CT19CT50GA26TG8GA20CT17TC98CT134CT118TG3CT123TC1GA11CT113GA21TC26
11368,efeB,11368,1286600,1287871,plus,0.0,ATGCAGTATGAAGATAAAAACGGCGTGAATGAACCGTCACGCCGACGTTTACTGAAAGGCATTGGTGCGCTGGCGCTGGCGGGAAGTTGTCCGGTCGCTCATGCACAAAAAACGCAAAGTGCGCCGGGTACGCTTTCACCGGATGCACGCAATGAGAAACAGCCGTTTTATGGTGAGCATCAGGCAGGGATCCTGACGCCACAACAGGCCGCAATGATGCTGGTGGCGTTTGATGTGCTTGCCAGCGATAAAGCCGATCTTGAACGGTTGTTTCGCTTGTTGACTCAGCGTTTTGCTTTTCTGACTCAGGGCGGAGCGGCACCAGAAACGCCAAATCCGCGCCTGCCACCACTCGATTCCGGCATTCTTGGCGGCTACATTGCGCCCGATAATCTCACCATCACGTTATCGGTGGGTCACTCATTGTTTGATGAGCGCTTTGGCCTTGCGCCACAGATGCCGAAAAAGTTGCAGAAGATGACGCGTTTTCCCAACGACTCGCTGGATGCGGCGTTATGTCATGGTGATGTGTTGCTACAAATTTGCGCCAACACCCAGGACACGGTGATCCATGCACTGCGCGATATCATCAAACATACGCCGGATTTGCTCAGCGTGCGCTGGAAGCGGGAAGGGTTTATTTCCGATCACGCGGCGCGTAGTAAAGGCAAAGAGACGCCGATTAATTTGCTGGGTTTCAAAGACGGCACTGCCAATCCCGATAGCCAGAATGATAAGTTGATGCAAAAAGTGGTGTGGGTAACGGCAGATCAGCAGGAGCCAGCGTGGACAATCGGTGGCAGCTATCAGGCAGTACGCTTGATTCAGTTTCGAGTGGAATTTTGGGACAGAACTCCGCTGAAAGAACAGCAGACGATTTTTGGTCGTGATAAGCAAACCGGTGCGCCGCTGGGAATGCAGCATGAGCATGATGTTCCCGATTACGCCAGCGATCCGGAAGGGAAGGTGATTGCGCTGGACAGCCATATCCGGCTGGCGAATCCCCGCACGGCGGAGAGTGAGTCCAGCCTGATGCTGCGTCGTGGCTACAGTTATTCACTGGGCGTCACCAACTCCGGGCAACTGGATATGGGGCTACTGTTTGTCTGTTACCAACACGATCTGGAAAAAGGCTTCCTGACAGTACAAAAAAGGCTCAATGGCGAAGCGCTGGAGGAATACGTTAAACCTATCGGCGGCGGTTATTTTTTTGCGCTGCCGGGAGTGAAGGACGCGAACGATTATCTCGGAAGCGCGTTATTGCGGGTTTAA,1272,9AG5GA42TGGC2AT5AG77TA116GA53AG143AG6CT19CT50GA26TG8GA20CT17TC167TA71GT29CT50GT2TC14CT17CT123TC1GA11CT113GA21TC26
042,efeB,042,1109546,1110817,plus,0.0,ATGCAGTATGAAGATAAAAACGGCGTGAATGAACCGTCACGCCGACGTTTACTGAAAGGCATTGGTGCGCTGGCGCTGGCGGGAAGTTGTCCGGTCGCTCATGCACAAAAAACGCAAAGTGCGCCGGGTACGCTTTCACCGGATGCACGCAATGAGAAACAGCCGTTTTATGGTGAGCATCAGGCAGGGATCCTGACGCCACAACAGGCCGCAATGATGCTGGTGGCGTTTGATGTGCTTGCCAGCGATAAACCCGATCTTGAACGGTTGTTTCGCTTGTTGACTCAGCGTTTTGCTTTTCTGACTCAGGGCGGAGCGGCACCAGAAACGCCAAATCCGCGCCTGCCACCACTCGATTCCGGCATTCTTGGCGGCTACATTGCGCCCGATAATCTCACCATCACGTTATCGGTGGGTCACTCATTGTTTGATGAGCGCTTTGGCCTTGCGCCACAGATGCCGAAAAAGTTGCAGAAGATGACGCGTTTTCCCAACGACTCGCTGGATGCGGCGTTATGTCATGGTGATGTGTTGCTACAAATTTGCGCCAACACCCAGGACACGGTGATCCATGCGCTGCGCGATATCATCAAACATACGCCAGATTTGCTCAGCGTGCGCTGGAAGCGGGAAGGGTTTATTTCCGATCACGCGGCGCGTAGTAAAGGCAAAGAGACGCCGATTAATTTGCTGGGTTTCAAAGACGGCACTGCCAATCCCGATAGCCAGAATGATAAGTTGATGCAAAAAGTGGTGTGGGTAACGGCAGATCAGCAGGAGCCAGCGTGGACAATCGGTGGCAGCTATCAGGCAGTACGCTTGATTCAGTTTCGAGTGGAATTTTGGGACAGAACTCCGCTGAAAGAACAGCAGACGATTTTTGGTCGTGATAAGCAAACCGGTGCGCCGCTGGGAATGCAGCATGAGCATGATGTTCCCGATTACGCCAGCGATCCGGAAGGGAAGGTGATTGCGCTGGACAGCCATATCCGGCTGGCGAATCCCCGCACGGCGGAGAGTGAGTCCAGCCTGATGCTGCGTCGTGGCTACAGTTATTCACTGGGCGTCACCAACTCCGGGCAACTGGATATGGGGCTACTGTTTGTCTGTTACCAACACGATCTGGAAAAAGGCTTCCTGACTGTACAAAAAAGGCTCAATGGCGAAGCGCTGGAGGAATACGTTAAACCTATCGGCGGCGGTTATTTTTTTGCGCTGCCGGGAGTGAAGGACGCGAACGATTATCTCGGAAGCGCGTTATTGCGGGTTTAA,1272,9AG5GA42TGGC2AT5AG77TA105GC10GA53AG143AG6CT19CT50GA26TG29CT5GA11TC167TA71GT29CT50GT2TC14CT17CT123TC1GA11CT32AT80GA21TC26
APECO78,efeB,APECO78,1869616,1870887,plus,0.0,ATGCAGTATGAAGATAAAAACGGCGTGAATGAACCGTCACGCCGACGTTTACTGAAAGGCATTGGTGCGCTGGCGCTGGCGGGAAGTTGTCCGGTCGCTCATGCACAAAAAACGCAAAGTGCGCCGGGTACGCTTTCACCGGATGCACGCAATGAGAAACAGCCGTTTTATGGTGAGCATCAGGCAGGGATCCTGACGCCACAACAGGCCGCAATGATGCTGGTGGCGTTTGATGTGCTTGCCAGCGATAAACCCGATCTTGAACGGTTGTTTCGCTTGTTGACTCAGCGTTTTGCTTTTCTGACTCAGGGCGGAGCGGCACCAGAAACGCCAAATCCGCGCCTGCCACCACTCGATTCCGGCATTCTTGGCGGCTACATTGCGCCCGATAATCTCACCATCACGTTATCGGTGGGTCACTCATTGTTTGATGAGCGCTTTGGCCTTGCGCCACAGATGCCGAAAAAGTTGCAGAAGATGACGCGTTTTCCCAACGACTCGCTGGATGCGGCGTTATGTCATGGTGATGTGTTGCTACAAATTTGCGCCAACACCCAGGACACGGTGATCCATGCGCTGCGCGATATCATCAAACATACGCCAGATTTGCTCAGCGTGCGCTGGAAGCGGGAAGGGTTTATTTCCGATCACGCGGCGCGTAGTAAAGGCAAAGAGACGCCGATTAATTTGCTGGGTTTCAAAGACGGCACTGCCAATCCCGATAGCCAGAATGATAAGTTGATGCAAAAAGTGGTGTGGGTAACGGCAGATCAGCAGGAGCCAGCGTGGACAATCGGTGGCAGCTATCAGGCAGTACGCTTGATTCAGTTTCGAGTGGAATTTTGGGACAGAACTCCGCTGAAAGAACAGCAGACGATTTTTGGTCGTGATAAGCAAACCGGTGCGCCGCTGGGAATGCAGCATGAGCATGATGTTCCCGATTACGCCAGCGATCCGGAAGGGAAGGTGATTGCGCTGGACAGCCATATCCGGCTGGCGAATCCCCGCACGGCGGAGAGTGAGTCCAGCCTGATGCTGCGTCGTGGCTACAGTTATTCACTGGGCGTCACCAACTCCGGGCAACTGGATATGGGGCTACTGTTTGTCTGTTACCAACACGATCTGGAAAAAGGCTTCCTGACTGTACAAAAAAGGCTCAATGGCGAAGCGCTGGAGGAATACGTTAAACCTATCGGCGGCGGTTATTTTTTTGCGCTGCCGGGAGTGAAGGACGCGAACGATTATCTCGGAAGCGCGTTATTGCGGGTTTAA,1272,9AG5GA42TGGC2AT5AG77TA105GC10GA53AG143AG6CT19CT50GA26TG29CT5GA11TC167TA71GT29CT50GT2TC14CT17CT123TC1GA11CT32AT80GA21TC26
UMN026,efeB,UMN026,1258413,1259684,plus,0.0,ATGCAGTATGAAGATGAAAACGGCGTGAATGAACCGTCACGCCGACGTTTACTGAAAGGAATTGGCGCGCTGGCGCTGGCAGGAAGTTGTCCGGTCGCTCATGCACAAAAAACGCAAAGTGCACCGGGGACGCTTTCACCGGATGCACGCAATGAGAAGCAGCCTTTTTATGGTGAGCATCAGGCAGGGATACTGACGCCACAACAGGCTGCAATGATGCTGGTGGCGTTTGATGTGCTTGCCAGCGATAAAGCCGATCTTGAACGGTTGTTTCGCTTATTGACTCAGCGTTTTGCTTTTCTGACTCAGGGCGGAGCGGCACCAGAAACGCCAAATCCGCGCCTGCCACCACTCGATTCCGGCATTCTTGGCGGCTACATTGCGCCCGATAATCTCACCATAACGTTATCGGTGGGCCACTCATTGTTTGATGAGCGCTTTGGCCTTGCGCCACAGATGCCGAAAAAGTTGCAGAAGATGACGCGTTTCCCCAACGACTCGCTAGATGCAGCGTTATGTCATGGTGATGTGTTGCTACAAATTTGCGCCAACACCCAGGATACGGTGATCCATGCGCTGCGCGATATCATCAAACACACGCCGGATTTGCTCAGTGTGCGCTGGAAGCGGGAAGGGTTTATTTCCGATCACGCGGCGCGTAGTAAAGGCAAAGAGACGCCGATAAATTTGCTGGGTTTCAAAGACGGCACTGCCAATCCCGATAGCCAGAATGATAAGTTGATGCAACAAGTGGTGTGGGTGACGGCAGATCAGCAGGAGCCTGCGTGGGCTATCGGCGGCAGCTACCAGGCGGTGCGGTTGATTCAGTTTCGGGTGGAATTTTGGGACAGAACGCCGCTGAAAGAACAGCAGACGATATTTGGGCGTGATAAGCAAACCGGCGCGCCGCTGGGAATGCAGCATGAGCATGATGTGCCTGATTACGCCAGCGATCCGGAGGGGAAGGTGATCGCGCTGGACAGCCATATCCGGCTGGCGAATCCCCGCACGGCGGAGAGTGAGTCCAGCCTGATGCTGCGTCGTGGCTACAGTTATTCACTGGGCGTCACCAACTCCGGACAACTGGATATGGGGCTACTGTTTGTCTGCTATCAACACGATCTGGAAAAAGGCTTCCTGACAGTACAAAAAAGGCTCAATGGCGAAGCGCTGGAGGAATACGTTAAACCTATCGGCGGCGGTTATTTTTTTGCGCTGCCGGGGGTGAAGGACACGAACGATTATCTCGGAAGCGCGTTATTGCGGGTTTAA,1272,9AG48TGGA2AT2TC2AG11GA41GA5TG17TA11AG5GT26CA17CT53GA14GA38AG83CA14TC44AG6CT34GA5GA29GA20CT5TG116TA63AC13AG27AG1AT5TC8TC5AG2AG2CG14AG44TA5CG17TC50CT5AG119GA15TC1GA14CT120GA11TC26
E2348/69 ,efeB,E2348/69,1116125,1117396,plus,0.0,ATGCAGTATGAAGATGAAAACGGCGTGAATGAACCGTCACGCCGACGTTTACTGAAAGGGATTGGTGCGCTGGCGCTGGCGGGAAGTTGTCCGGTTGCTCATGCACAAAAAACGCAAAGTGCGCCGGGTACGCTTTCACCGGATGCACGCAATGAGAAACAGCCGTTTTATGGTGAGCATCAGGCAGGGATCCTGACACCACAACAGGCTGCAATGATGCTGGTGGCGTTTGATGTGCTTGCCAGCGATAAAGCCGATCTTGAACGGTTGTTTCGCTTGTTGACTCAGCGTTTTGCTTTTCTGACTCAGGGCGGAGCGGCACCAGAAACGCCAAATCCGCGCCTGCCACCACTCGATTCCGGCATTCTTGGCGGCTACATTGCGCCCGATAATCTCACCATCACGTTATCGGTGGGTCACTCATTGTTTGATGAGCGCTTTGGCCTTGCGCCACGGATGCCAAAAAAGTTGCAGAAGATGACGCGTTTCCCTAACGACTCGCTGGATGCGGCGTTATGTCATGGTGATGTGTTGCTACAAATTTGCGCCAACACCCTGGACACGGTGATCCATGCGCTGCGCGATATCATCAAACACACGCCGGATTTGCTCAGCGTGCGCTGGAAGCGGGAAGGGTTTATTTCGGACCATGCAGCGCGTAGTAAAGGCAAAGAGACGCCGATAAATTTGCTGGGCTTTAAAGACGGCACCGCCAATCCCGATAGCCAGAATGCGAAGTTGATGCAAAAAGTGGTGTGGGTGACGGCAGATCAGCAGGAGCCTGCGTGGACAATCGGTGGCAGCTATCAGGCAGTACGCTTGATTCAGTTTCGAGTGGAATTTTGGGACAGAACGCCGCTGAAAGAGCAGCAGACGATATTTGGTCGTGATAAGCAAACCGGTGCGCCGCTGGGCATGCAGCATGAGCATGATGTTCCCGATTACGCTAGCGATCCGGAAGGGAAGGTGATTGCGCTGGACAGCCATATCCGGCTGGCGAATCCCCGCACGGCGGAGAGCGAGTCCAGCCTGATGCTGCGTCGTGGCTACAGTTATTCGTTGGGCGTCACCAACTCCGGGCAACTGGATATGGGGTTGCTGTTTGTCTGCTATCAACACGATCTGGAAAAAGGCTTCCTGACAGTACAAAAAAGGCTCAATGGCGAAGCGCTGGAGGAATATGTCAAACCTATCGGTGGCGGCTATTTCTTTGCGCTGCCGGGTGTGAAGGACGCGAACGATTATCTCGGAAGCGCATTATTGCGGGTTTAA,1272,9AG48TG3AT5AG26CT50TA50GA11CT53GA53AG136AG13CT22CT47GA16AT9TG47TC29CG2TC2CT2GA29TA11TC2CT11TC22ACTG26AG104AG11TA5CT29AC20GT2TC8CT5CT17CT47TC38AGCT52CT68CT2TC11CT5TC5TC14GT21TC10GA15
UTI89,efeB,UTI89,1069985,1071256,plus,0.0,ATGCAGTATGAAGATGAAAACGGCGTGAATGAACCGTCACGCCGACGTTTACTGAAAGGGATTGGTGCGCTGGCGCTGGCGGGAAGTTGTCCGGTCGCTCATGCACAAAAAACGCAAAGTGCGCCGGGTACGCTTTCACCGGATGCACGCAATGAGAAACAGCCGTTTTATGGTGAGCATCAGGCAGGGATCCTGACACCACAACAGGCTGCAATGATGCTGGTGGCGTTTGATGTGCTTGCCAGCGATAAAGCCGATCTTGAACGGTTGTTTCGCTTGTTGACTCAGCGTTTTGCTTTTCTGACTCAGGGCGGAGCGGCACCAGAAACGCCAAATCCGCGCCTGCCACCACTCGATTCCGGCATTCTTGGCGGCTACATTGCGCCCGATAATCTCACCATCACGTTATCGGTGGGTCACTCATTGTTTGATGAGCGCTTTGGCCTTGCGCCACAGATGCCAAAAAAGTTGCAGAAGATGACGCGTTTCCCTAACGACTCGCTGGATGCGGCGTTATGTCATGGTGATGTGTTGCTACAAATTTGCGCCAACACCCAGGACACGGTGATCCATGCGCTGCGCGATATCATCAAACACACGCCGGATTTGCTCAGCGTGCGCTGGAAGCGGGAAGGGTTTATTTCCGACCACGCAGCGCGTAGTAAAGGCAAAGAGACGCCGATAAATTTGCTGGGCTTTAAAGACGGCACCGCCAATCCCGATAGCCAGAATGATAAGTTGATGCAAAAAGTGGTGTGGGTGACGGCAGATCAGCAGGAGCCTGCGTGGACAATCGGTGGCAGCTATCAGGCAGTACGCTTGATTCAGTTTCGAGTGGAATTTTGGGACAGAACGCCGCTGAAAGAGCAGCAGACGATATTTGGTCGTGATAAGCAAACCGGTGCGCCGCTGGGCATGCTGCATGAGCATGATGTTCCCGATTACGCTAGCGATCCGGAAGGGAAGGTGATTGCGCTGGACAGCCATATCCGGCTGGCGAATCCCCGCACGGCGGAGAGCGAGTCCAGCCTGATGCTGCGTCGTGGCTACAGTTATTCGTTGGGCGTCACCAATTCCGGGCAACTCGATATGGGGCTACTGTTTGTCTGCTACCAACACGATCTGGAAAAGGGCTTCCTGACAGTACAAAAAAGGTTGAATGGCGAGGCGCTGGAGGAATATGTCAAACCTATCGGTGGCGGCTATTTCTTTGCGCTGCCGGGTGTGAAGGACGCGAACGATTATCTCGGAAGCGCATTATTGCGGGTTTAA,1272,9AG48TG3AT5AG77TA50GA11CT53GA53AG150CT22CT47GA26TG47TC32TC5GA29TA11TC2CT11TC50AG104AG11TA5CT29AC4AT15GT2TC8CT5CT17CT47TC38AGCT13CT11GC9TC1GA32AG24CT1CG8AG14CT2TC11CT5TC5TC14GT21TC10GA15
S88,efeB,S88,1072530,1073801,plus,0.0,ATGCAGTATGAAGATGAAAACGGCGTGAATGAACCGTCACGCCGACGTTTACTGAAAGGGATTGGTGCGCTGGCGCTGGCGGGAAGTTGTCCGGTCGCTCATGCACAAAAAACGCAAAGTGCGCCGGGTACGCTTTCACCGGATGCACGCAATGAGAAACAGCCGTTTTATGGTGAGCATCAGGCAGGGATCCTGACACCACAACAGGCTGCAATGATGCTGGTGGCGTTTGATGTGCTTGCCAGCGATAAAGCCGATCTTGAACGGTTGTTTCGCTTGTTGACTCAGCGTTTTGCTTTTCTGACTCAGGGCGGAGCGGCACCAGAAACGCCAAATCCGCGCCTGCCACCACTCGATTCCGGCATTCTTGGCGGCTACATTGCGCCCGATAATCTCACCATCACGTTATCGGTGGGTCACTCATTGTTTGATGAGCGCTTTGGCCTTGCGCCACAGATGCCAAAAAAGTTGCAGAAGATGACGCGTTTCCCTAACGACTCGCTGGATGCGGCGTTATGTCATGGTGATGTGTTGCTACAAATTTGCGCCAACACCCAGGACACGGTGATCCATGCGCTGCGCGATATCATCAAACACACGCCGGATTTGCTCAGCGTGCGCTGGAAGCGGGAAGGGTTTATTTCCGACCACGCAGCGCGTAGTAAAGGCAAAGAGACGCCGATAAATTTGCTGGGCTTTAAAGACGGCACCGCCAATCCCGATAGCCAGAATGATAAGTTGATGCAAAAAGTGGTGTGGGTGACGGCAGATCAGCAGGAGCCTGCGTGGACAATCGGTGGCAGCTATCAGGCAGTACGCTTGATTCAGTTTCGAGTGGAATTTTGGGACAGAACGCCGCTGAAAGAGCAGCAGACGATATTTGGTCGTGATAAGCAAACCGGTGCGCCGCTGGGCATGCTGCATGAGCATGATGTTCCCGATTACGCTAGCGATCCGGAAGGGAAGGTGATTGCGCTGGACAGCCATATCCGGCTGGCGAATCCCCGCACGGCGGAGAGCGAGTCCAGCCTGATGCTGCGTCGTGGCTACAGTTATTCGTTGGGCGTCACCAATTCCGGGCAACTCGATATGGGGCTACTGTTTGTCTGCTACCAACACGATCTGGAAAAGGGCTTCCTGACAGTACAAAAAAGGTTGAATGGCGAGGCGCTGGAGGAATATGTCAAACCTATCGGTGGCGGCTATTTCTTTGCGCTGTCGGGTGTGAAGGACGCGAACGATTATCTCGGAAGCGCATTATTGCGGGTTTAA,1272,9AG48TG3AT5AG77TA50GA11CT53GA53AG150CT22CT47GA26TG47TC32TC5GA29TA11TC2CT11TC50AG104AG11TA5CT29AC4AT15GT2TC8CT5CT17CT47TC38AGCT13CT11GC9TC1GA32AG24CT1CG8AG14CT2TC11CT5TC5TC9CT4GT21TC10GA15
CE10,efeB,CE10,1157768,1159039,plus,0.0,ATGCAGTATGAAGATGAAAACGGCGTGAATGAACCGTCACGCCGACGTTTACTGAAAGGGATTGGCGCGCTGGCGCTGGCAGGAAGTTGTCCGGTAGCGCATGCTCAAAAAACGCAAAGTGCGCCGGGGACGCTTTCACCGGATGCGCGCAGTGAAGCGCAGCCGTTTTATGGCGAACATCAGGCGGGTATTCTTACGCCGCAGCAGGCGGCAATGATGCTGGTGGCGTTTGATGTGCTTGCCAGCGATAAAGCTGATCTTGAGCGATTGTTTCGCTTGTTGACTCAGCGTTTTGCTTTTCTGACTCAGGGCGGAGCGGCACCAGAAACGCCAAATCCGCGCCTGCCACCACTCGATTCCGGCATTCTTGGCGGCTACATTGCGCCCGATAATCTCACCATCACGTTATCGGTGGGTCACTCATTGTTTGATGAGCGCTTTGGCCTTGCGCCACAGATGCCAAAAAAGTTGCAGAAGATGACGCGTTTCCCTAACGACTCGCTGGATGCGGCGTTATGTCATGGTGATGTGTTGCTACAAATTTGCGCCAACACCCAGGACACGGTGATCCATGCGCTGCGCGATATCATCAAACACACGCCGGATTTGCTCAGCGTGCGCTGGAAGCGGGAAGGGTTTATTTCCGACCACGCAGCGCGTAGTAAAGGCAAAGAGACGCCGATAAATTTGCTGGGCTTTAAAGACGGCACCGCCAATCCCGATAGCCAGAATGCGAAGTTGATGCAAAAAGTGGTGTGGGTGACGGCAGATCAGCAGGAGCCTGCGTGGACAATCGGTGGCAGCTATCAGGCAGTACGCTTGATTCAGTTTCGAGTGGAATTTTGGGACAGAACGCCGCTGAAAGAGCAGCAGACGATATTTGGTCGTGATAAGCAAACCGGTGCGCCGCTGGGAATGCAGCATGAGCATGATGTTCCCGATTACGCCAGCGATCCGGAAGGGAAGGTGATCGCGCTGGACAGCCATATCCGGCTGGCGAATCCCCGCACGCCAGAGAGTGAGTCAAGTCTGATGCTGCGTCGTGGCTACAGTTATTCACTGGGCGTCACCAACTCCGGGCAACTGGATATGGGGCTACTGTTTGTCTGCTACCAACACGATCTGGAAAAAGGCTTCCTGACAGTACAAAAAAGGCTCAATGGCGAAGCGCTGGAGGAATACGTTAAACCCATCGGCGGCGGTTATTTTTTTGCGCTGCCGGGAGTGAAGGACGCGAATGATTATCTCGGAAGCGCGTTATTGCGGGTTTAA,1272,9AG48TG3AT2TC2AG11GA14CA2TG5AT23TG17TG4AG3GAAGACAG14TC2GA8AG2GT2CT2GT5AG2AG5CG44CT11GA50AG150CT22CT47GA26TG47TC32TC5GA29TA11TC2CT11TC22ACTG26AG104AG11TA5CT50GT2TC14CT57GC1GA11CA2CT66TC1GA92TC32GA14CT6TC26
IAI39,efeB,IAI39,2180815,2179544,minus,0.0,ATGCAGTATGAAGATGAAAACGGCGTGAATGAACCGTCACGCCGACGTTTACTGAAAGGGATTGGCGCGCTGGCGCTGGCAGGAAGTTGTCCGGTAGCGCATGCTCAAAAAACGCAAAGTGCGCCGGGGACGCTTTCACCGGATGCGCGCAGTGAAGCGCAGCCGTTTTATGGCGAACATCAGGCGGGTATTCTTACGCCGCAGCAGGCGGCAATGATGCTGGTGGCGTTTGATGTGCTTGCCAGCGATAAAGCTGATCTTGAGCGATTGTTTCGCTTGTTGACTCAGCGTTTTGCTTTTCTGACTCAGGGCGGAGCGGCACCAGAAACGCCAAATCCGCGCCTGCCACCACTCGATTCCGGCATTCTTGGCGGCTACATTGCGCCCGATAATCTCACCATCACGTTATCGGTGGGTCACTCATTGTTTGATGAGCGCTTTGGCCTTGCGCCACAGATGCCAAAAAAGTTGCAGAAGATGACGCGTTTCCCTAACGACTCGCTGGATGCGGCGTTATGTCATGGTGATGTGTTGCTACAAATTTGCGCCAACACCCAGGACACGGTGATCCATGCGCTGCGCGATATCATCAAACACACGCCGGATTTGCTCAGCGTGCGCTGGAAGCGGGAAGGGTTTATTTCCGACCACGCAGCGCGTAGTAAAGGCAAAGAGACGCCGATAAATTTGCTGGGCTTTAAAGACGGCACCGCCAATCCCGATAGCCAGAATGCGAAGTTGATGCAAAAAGTGGTGTGGGTGACGGCAGATCAGCAGGAGCCTGCGTGGACAATCGGTGGCAGCTATCAGGCAGTACGCTTGATTCAGTTTCGAGTGGAATTTTGGGACAGAACGCCGCTGAAAGAGCAGCAGACGATATTTGGTCGTGATAAGCAAACCGGTGCGCCGCTGGGAATGCAGCATGAGCATGATGTTCCCGATTACGCCAGCGATCCGGAAGGGAAGGTGATCGCGCTGGACAGCCATATCCGGCTGGCGAATCCCCGCACGCCAGAGAGTGAGTCAAGTCTGATGCTGCGTCGTGGCTACAGTTATTCACTGGGCGTCACCAACTCCGGGCAACTGGATATGGGGCTACTGTTTGTCTGCTACCAACACGATCTGGAAAAAGGCTTCCTGACAGTACAAAAAAGGCTCAATGGCGAAGCGCTGGAGGAATACGTTAAACCCATCGGCGGCGGTTATTTTTTTGCGCTGCCGGGAGTGAAGGACGCGAATGATTATCTCGGAAGCGCGTTATTGCGGGTTTAA,1272,9AG48TG3AT2TC2AG11GA14CA2TG5AT23TG17TG4AG3GAAGACAG14TC2GA8AG2GT2CT2GT5AG2AG5CG44CT11GA50AG150CT22CT47GA26TG47TC32TC5GA29TA11TC2CT11TC22ACTG26AG104AG11TA5CT50GT2TC14CT57GC1GA11CA2CT66TC1GA92TC32GA14CT6TC26
SMS-3-5,efeB,SMS-3-5,2113752,2112481,minus,0.0,ATGCAGTATGAAGATGAAAACGGCGTGAATGAACCGTCACGCCGACGTTTACTGAAAGGGATTGGTGCGTTGGCGCTGGCGGGAAGTTGTCCGGTCGCTCATGCACAAAAAACGCAAAGTGCACCGGGCACGCTTTCACCGGATGCGCGCAGTGAAGCGCAGCCGTTTTATGGCGAACATCAGGCGGGTATTCTGACGCCGCAGCAGGCGGCAATGATGCTGGTGGCGTTTGATGTGCTTGCCAGCGATAAAACCGATCTTGAACGGTTGTTTCGCTTGTTGACTCAGCGTTTTGCTTTTCTGACTCAGGGCGGAGCGGCACCAGAAACGCCAAATCCGCGCCTGCCACCACTCGATTCCGGCATTCTTGGCGGCTACATTGCGTCCGATAATCTCACCATAACGTTATCGGTGGGCCATTCATTGTTTGATGAGCGGTTTGGCCTTACACCGCAGATGCCGAAAAAGTTGCAGAAAATGACGCGTTTCCCCAACGACTCGCTGGATGCGGCGTTATGTCATGGTGATGTGTTGCTACAAATTTGCGCCAACACCCAGGACACGGTGATCCATGCGCTGCGCGATATCATCAAACACACGCCGGATTTGCTCAGCGTGCGCTGGAAGCGGGAAGGGTTTATTTCCGATCACGCAGCGCGTAGTAAAGGCAAAGAGACGCCGATAAATTTGCTGGGTTTTAAAGACGGCACAGCCAATCCCGATAGCCAGAATGCGAAGTTGATGCAAAAAGTGGTGTGGGTGACGGCAGATCAGCAGGAGCCTGCGTGGACAATCGGTGGCAGCTATCAGGCGGTGCGGTTGATTCAGTTTCGGGTGGAGTTTTGGGACAGAACGCCACTGAAAGAACAGCAGACGATTTTTGGTCGCGACAAACAAACTGGTGCGCCGCTGGGCATGCAGCACGAGCATGATGTTCCCGATTACGCCAGCGATCCGGAAGGGAAGGTGATCGCGCTGGACAGCCATATTCGGCTGGCGAATCCCCGCACGCCAGAGAGTGAGTCAAGTCTGATGCTGCGTCGTGGCTACAGTTATTCACTGGGCGTCACCAACTCCGGGCAACTCGATATGGGGCTACTGTTTGTCTGCTACCAACACGATCTGGAAAAGGGCTTCCTGACAGTACAAAAAAGGTTGAATGGCGAGGCGCTGGAGGAATATGTCAAACCTATCGGTGGCGGCTATTTCTTTGCGCTGCCGGGTGTGAAGGACGCGAACGATTATCTCGGAAGCGCATTATTGCGGGTTTAA,1272,9AG48TG3AT5AGCT52GA5TC17TG4AG3GAAGACAG14TC2GA8AG2GT2CT8AG2AG5CG42GA10GA53AG66CT16CA14TC2CT17CG9GA1GA2AG8AG6CT7GA62GA26TG47TC38GA29TA14CT11TA22ACTG26AG50AG2AG2CG14AG5AG17GA26CT2TC2TC2GA5CT14AC8TC11GT2TC14CT35CT21GC1GA11CA2CT56GC9TC1GA32AG24CT1CG8AG14CT2TC11CT5TC5TC14GT21TC10GA15
