NC_000964.3 Bacillus subtilis subsp. subtilis str. 168 complete genome,Test_Seq1,NC_000964.3,1862567,1863308,plus,0.0,TTTTGCAATTTGGTTTCGAAAAATTTATGCAAGAAGCAAGGAGTCCATTTGAAGGGCTTGTAAAGTTGCAATACGGTTTCCCGTAACGGCCAATCTAGCTTGTGAGCATTTGCTCTCACCATTTGTACCATAGAGTACCCAAACATGTATTTTCCTCCTATTATAAGGTTCTCTGTATACTCTATGAACAGATGATAGGTTTGGTAAGTTTGTTTGTCCTCTGTAAGAGACAGACAAGAGTTTGTTTTTCTGAATCTTTCGCATTAGATACGATAGATTCAGAAGCTGAGGAAATCATTGGGGATTGAAAAAGAACGTTTGTTCGTATTATAATGTGATCATATCAAACTGGGAAGGGGAGAGCAACCGTATGAATTTCTACTTGCACCGATCTTTGGAAAGCCAAATGCCAATCAGCATTATATATGAAGAAAGACGGAACGATTAGTAAAAGAACGATTATTGTGAGACAGAAAAGCAAAACGAAAATCAAAGCATTTTGTTTTTCGAAACAACAGATCAGAACATTTTTATTGGACTCTATCCTCTCCTGTGATTTTGTGAGAACAAATAAGCAAAATCTCTATTCTGCAGGCCGGTAACAGCTGTCCGTCTCAGCAACCGGGCAGCCTGTTACTAAAACCCTCCTTAAACCTATATACATTTATTTGCCAAGTGAGGTTGTTCCTACCTTTTTTGTCTTTCCTCTCAACCTTTTTTCACTCTTATTTGAAATGAACCG,742,742
NC_000964.3 Bacillus subtilis subsp. subtilis str. 168 complete genome,Test_Seq1,NC_000964.3,1421860,1421885,plus,0.005,AAGCAAAACGGAGATCAAAGCATTTT,26,10AG1AG13
NC_000964.3 Bacillus subtilis subsp. subtilis str. 168 complete genome,Test_Seq1,NC_000964.3,2230032,2230054,plus,0.21,AAATGCCAATCAATATTATATAT,23,12GACT9
NC_000964.3 Bacillus subtilis subsp. subtilis str. 168 complete genome,Test_Seq1,NC_000964.3,3702341,3702373,plus,0.21,CAAATGCCTGTCACC--TATATAGGAAGAAAGACG,35,8ATAG3GC1A-T-6TG11
NC_000964.3 Bacillus subtilis subsp. subtilis str. 168 complete genome,Test_Seq1,NC_000964.3,1765358,1765374,plus,0.73,CAAAACGAAAATCAAAG,17,17
NC_000964.3 Bacillus subtilis subsp. subtilis str. 168 complete genome,Test_Seq1,NC_000964.3,2199942,2199921,minus,0.73,GAAAGAAAAGCAAAACGAGAAT,22,2CA15AG3
NC_000964.3 Bacillus subtilis subsp. subtilis str. 168 complete genome,Test_Seq1,NC_000964.3,2318464,2318494,plus,0.73,GCAGCGATCTTTGGAAACAGCCCAAATGCCA,31,3CG13-C-A-GGC10
NC_000964.3 Bacillus subtilis subsp. subtilis str. 168 complete genome,Test_Seq1,NC_000964.3,2592760,2592779,plus,0.73,AAATCATTGGGGATTAAAAA,20,15GA4
NC_000964.3 Bacillus subtilis subsp. subtilis str. 168 complete genome,Test_Seq1,NC_000964.3,2804261,2804280,plus,0.73,TTGCTCTCACCATTTATACC,20,15GA4
NC_000964.3 Bacillus subtilis subsp. subtilis str. 168 complete genome,Test_Seq1,NC_000964.3,3792282,3792306,plus,0.73,ATTATATATGAAGAAAAAAGAAACG,25,16GA1CA1GA4
NC_000964.3 Bacillus subtilis subsp. subtilis str. 168 complete genome,Test_Seq1,NC_000964.3,3808205,3808173,minus,0.73,AAGCTGAGGAAATGATCGAGGA-AGGAAAAGAAC,34,13CG2TC1GA3T-TA1AG8
NC_000964.3 Bacillus subtilis subsp. subtilis str. 168 complete genome,Test_Seq1,NC_000964.3,1334399,1334414,plus,2.6,GAAGCTGAGGAAATCA,16,16
NC_000964.3 Bacillus subtilis subsp. subtilis str. 168 complete genome,Test_Seq1,NC_000964.3,1918337,1918384,plus,2.6,ATTGACAGA-AACGTTTGTTCGTA-TATACTGAAAT--TATAAAAATGCGAA,52,5AC1AG1G-14T-4AC2TAGA2C-A-3CA3CA2GC3
NC_000964.3 Bacillus subtilis subsp. subtilis str. 168 complete genome,Test_Seq1,NC_000964.3,1961731,1961708,minus,2.6,TTTTTCAACCTTTTTTGAAATGAA,24,7CATC3AT11
NC_000964.3 Bacillus subtilis subsp. subtilis str. 168 complete genome,Test_Seq1,NC_000964.3,2097389,2097364,minus,2.6,GCATTACAAAAGATGAAAGACGGAAC,26,6TC1TA1TA2AT12
NC_000964.3 Bacillus subtilis subsp. subtilis str. 168 complete genome,Test_Seq1,NC_000964.3,2429097,2429077,minus,2.6,TATGAATGAAGACGGAACGAT,21,6GTAG13
NC_000964.3 Bacillus subtilis subsp. subtilis str. 168 complete genome,Test_Seq1,NC_000964.3,2902253,2902235,minus,2.6,AGCAAACCGAAAATCAAAG,19,6AC12
NC_000964.3 Bacillus subtilis subsp. subtilis str. 168 complete genome,Test_Seq1,NC_000964.3,75537,75523,minus,8.9,TGTTTTTCTGAATCT,15,15
NC_000964.3 Bacillus subtilis subsp. subtilis str. 168 complete genome,Test_Seq1,NC_000964.3,384537,384551,plus,8.9,GAGACAGAAAAGCAA,15,15
NC_000964.3 Bacillus subtilis subsp. subtilis str. 168 complete genome,Test_Seq1,NC_000964.3,395301,395315,plus,8.9,GAGACAGAAAAGCAA,15,15
NC_000964.3 Bacillus subtilis subsp. subtilis str. 168 complete genome,Test_Seq1,NC_000964.3,595989,595972,minus,8.9,GAGAACAAATAAGCAGAA,18,15AG2
NC_000964.3 Bacillus subtilis subsp. subtilis str. 168 complete genome,Test_Seq1,NC_000964.3,1062511,1062492,minus,8.9,TATAAATGAAGAAAGACTGA,20,4TA12GT2
NC_000964.3 Bacillus subtilis subsp. subtilis str. 168 complete genome,Test_Seq1,NC_000964.3,1216725,1216706,minus,8.9,TGTGAGACAGAAAATTAAAA,20,14GTCT4
NC_000964.3 Bacillus subtilis subsp. subtilis str. 168 complete genome,Test_Seq1,NC_000964.3,1394999,1395018,plus,8.9,TGGAGATTGAAAAAGAAGGT,20,3GA13CG2
NC_000964.3 Bacillus subtilis subsp. subtilis str. 168 complete genome,Test_Seq1,NC_000964.3,1434622,1434605,minus,8.9,AAAACGAAAATCAAAACA,18,15GA2
NC_000964.3 Bacillus subtilis subsp. subtilis str. 168 complete genome,Test_Seq1,NC_000964.3,1504720,1504701,minus,8.9,TTTGTTTTTCTGCTTCTTTC,20,12ACAT6
NC_000964.3 Bacillus subtilis subsp. subtilis str. 168 complete genome,Test_Seq1,NC_000964.3,1830408,1830427,plus,8.9,TGAAAGAGAAAAGCAAAACG,20,3GA1CG14
NC_000964.3 Bacillus subtilis subsp. subtilis str. 168 complete genome,Test_Seq1,NC_000964.3,1917257,1917274,plus,8.9,CATTTTATATGAAGAAAG,18,4AT13
NC_000964.3 Bacillus subtilis subsp. subtilis str. 168 complete genome,Test_Seq1,NC_000964.3,2003762,2003748,minus,8.9,AAAGCAAAACGAAAA,15,15
NC_000964.3 Bacillus subtilis subsp. subtilis str. 168 complete genome,Test_Seq1,NC_000964.3,2373193,2373179,minus,8.9,GCAAAACGAAAATCA,15,15
NC_000964.3 Bacillus subtilis subsp. subtilis str. 168 complete genome,Test_Seq1,NC_000964.3,2581431,2581414,minus,8.9,GAAAAATTTATGGAAGAA,18,12CG5
NC_000964.3 Bacillus subtilis subsp. subtilis str. 168 complete genome,Test_Seq1,NC_000964.3,3358234,3358215,minus,8.9,TGCAGGAAGACGGAACGATT,20,2AC2AG14
NC_000964.3 Bacillus subtilis subsp. subtilis str. 168 complete genome,Test_Seq1,NC_000964.3,3422148,3422165,plus,8.9,CATTATATATGAAGACAG,18,15AC2
NC_000964.3 Bacillus subtilis subsp. subtilis str. 168 complete genome,Test_Seq1,NC_000964.3,3531679,3531698,plus,8.9,CGTTCTCTGGAAAGCCAAAT,20,2AT3TC13
NC_000964.3 Bacillus subtilis subsp. subtilis str. 168 complete genome,Test_Seq1,NC_000964.3,4105704,4105723,plus,8.9,TTTGCTTTTCGAAACAAGAG,20,4TC12CG2
NC_000964.3 Bacillus subtilis subsp. subtilis str. 168 complete genome,Test_Seq1,NC_000964.3,20909,20893,minus,   31,ATTTGCTCTCAGCATTT,17,11CG5
NC_000964.3 Bacillus subtilis subsp. subtilis str. 168 complete genome,Test_Seq1,NC_000964.3,58053,58066,plus,   31,AGACAGAAAAGCAA,14,14
NC_000964.3 Bacillus subtilis subsp. subtilis str. 168 complete genome,Test_Seq1,NC_000964.3,148988,149001,plus,   31,TTTGGTAAGTTTGT,14,14
NC_000964.3 Bacillus subtilis subsp. subtilis str. 168 complete genome,Test_Seq1,NC_000964.3,182748,182766,plus,   31,TTTTGAATCTTTCGCTTTA,19,2CT12AT3
NC_000964.3 Bacillus subtilis subsp. subtilis str. 168 complete genome,Test_Seq1,NC_000964.3,269922,269904,minus,   31,TTCTCCTCCTATTAAAAGG,19,2TC11TA4
NC_000964.3 Bacillus subtilis subsp. subtilis str. 168 complete genome,Test_Seq1,NC_000964.3,275797,275815,plus,   31,TCTCTCTACTGCAGGCCGG,19,5AC1TA11
NC_000964.3 Bacillus subtilis subsp. subtilis str. 168 complete genome,Test_Seq1,NC_000964.3,290812,290794,minus,   31,TCCTTCTTTTTTTGTCTTT,19,4AT1CT12
NC_000964.3 Bacillus subtilis subsp. subtilis str. 168 complete genome,Test_Seq1,NC_000964.3,321122,321109,minus,   31,TTTTTTGTCTTTCC,14,14
NC_000964.3 Bacillus subtilis subsp. subtilis str. 168 complete genome,Test_Seq1,NC_000964.3,372849,372867,plus,   31,TTCAGAAGCTGCGGTAATC,19,11AC2AT4
NC_000964.3 Bacillus subtilis subsp. subtilis str. 168 complete genome,Test_Seq1,NC_000964.3,505687,505674,minus,   31,GTTTGTTTGTCCTC,14,14
NC_000964.3 Bacillus subtilis subsp. subtilis str. 168 complete genome,Test_Seq1,NC_000964.3,514394,514411,plus,   31,TTTTTTCACTCTT-TTTGA,19,13A-5
NC_000964.3 Bacillus subtilis subsp. subtilis str. 168 complete genome,Test_Seq1,NC_000964.3,525522,525509,minus,   31,TCTGTAAGAGACAG,14,14
NC_000964.3 Bacillus subtilis subsp. subtilis str. 168 complete genome,Test_Seq1,NC_000964.3,539773,539760,minus,   31,TTTTTTGTCTTTCC,14,14
NC_000964.3 Bacillus subtilis subsp. subtilis str. 168 complete genome,Test_Seq1,NC_000964.3,601267,601280,plus,   31,GAAGCTGAGGAAAT,14,14
NC_000964.3 Bacillus subtilis subsp. subtilis str. 168 complete genome,Test_Seq1,NC_000964.3,613721,613742,plus,   31,TATAGATATGTATTTGCCAAGT,22,4TG1CT2TG12
NC_000964.3 Bacillus subtilis subsp. subtilis str. 168 complete genome,Test_Seq1,NC_000964.3,713880,713864,minus,   31,CAATCGTATGAATTTCT,17,3CT13
NC_000964.3 Bacillus subtilis subsp. subtilis str. 168 complete genome,Test_Seq1,NC_000964.3,770124,770137,plus,   31,ACAAATAAGCAAAA,14,14
NC_000964.3 Bacillus subtilis subsp. subtilis str. 168 complete genome,Test_Seq1,NC_000964.3,889384,889400,plus,   31,TTTATGTCTTTCCTCTC,17,3TA13
NC_000964.3 Bacillus subtilis subsp. subtilis str. 168 complete genome,Test_Seq1,NC_000964.3,1061220,1061233,plus,   31,TCAAACTGGGAAGG,14,14
NC_000964.3 Bacillus subtilis subsp. subtilis str. 168 complete genome,Test_Seq1,NC_000964.3,1092824,1092837,plus,   31,GAAAAGCAAAACGA,14,14
NC_000964.3 Bacillus subtilis subsp. subtilis str. 168 complete genome,Test_Seq1,NC_000964.3,1110451,1110433,minus,   31,CGATCTTTGGAAATCAAAA,19,13GT1CA3
NC_000964.3 Bacillus subtilis subsp. subtilis str. 168 complete genome,Test_Seq1,NC_000964.3,1198416,1198439,plus,   31,CAGAAAAGCAACTGGAAAAACAAA,24,11ACATCG5TA4
NC_000964.3 Bacillus subtilis subsp. subtilis str. 168 complete genome,Test_Seq1,NC_000964.3,1297717,1297701,minus,   31,CCTCCCTTTTTTGTCTT,17,3AC13
NC_000964.3 Bacillus subtilis subsp. subtilis str. 168 complete genome,Test_Seq1,NC_000964.3,1321476,1321489,plus,   31,TTTTTTGTCTTTCC,14,14
NC_000964.3 Bacillus subtilis subsp. subtilis str. 168 complete genome,Test_Seq1,NC_000964.3,1593132,1593145,plus,   31,AAGACGGAACGATT,14,14
NC_000964.3 Bacillus subtilis subsp. subtilis str. 168 complete genome,Test_Seq1,NC_000964.3,1605325,1605341,plus,   31,TGAGAGAGAAAAGCAAA,17,5CG11
NC_000964.3 Bacillus subtilis subsp. subtilis str. 168 complete genome,Test_Seq1,NC_000964.3,1752289,1752302,plus,   31,AAAACGAAAATCAA,14,14
NC_000964.3 Bacillus subtilis subsp. subtilis str. 168 complete genome,Test_Seq1,NC_000964.3,1785910,1785926,plus,   31,CGATATTTGGAAAGCCA,17,4CA12
NC_000964.3 Bacillus subtilis subsp. subtilis str. 168 complete genome,Test_Seq1,NC_000964.3,1801907,1801891,minus,   31,TTCCCATAACGGCCAAT,17,5GA11
NC_000964.3 Bacillus subtilis subsp. subtilis str. 168 complete genome,Test_Seq1,NC_000964.3,1831025,1831038,plus,   31,ATTTATTTGCCAAG,14,14
NC_000964.3 Bacillus subtilis subsp. subtilis str. 168 complete genome,Test_Seq1,NC_000964.3,1835999,1835986,minus,   31,TGATCATATCAAAC,14,14
NC_000964.3 Bacillus subtilis subsp. subtilis str. 168 complete genome,Test_Seq1,NC_000964.3,1877023,1877044,plus,   31,ATCTGACGAAAGACGGAAAGAT,22,2AC3AC11CA3
NC_000964.3 Bacillus subtilis subsp. subtilis str. 168 complete genome,Test_Seq1,NC_000964.3,2097897,2097884,minus,   31,AAACCTATATACAT,14,14
NC_000964.3 Bacillus subtilis subsp. subtilis str. 168 complete genome,Test_Seq1,NC_000964.3,2167910,2167892,minus,   31,TATATGAAGAAACACTGAA,19,12GC2GT3
NC_000964.3 Bacillus subtilis subsp. subtilis str. 168 complete genome,Test_Seq1,NC_000964.3,2272030,2272017,minus,   31,AAGAACGTTTGTTC,14,14
NC_000964.3 Bacillus subtilis subsp. subtilis str. 168 complete genome,Test_Seq1,NC_000964.3,2402637,2402614,minus,   31,TTTGGCAAAATTTATGCATGATGC,24,3CG1AC12AT2AT2
NC_000964.3 Bacillus subtilis subsp. subtilis str. 168 complete genome,Test_Seq1,NC_000964.3,2479215,2479228,plus,   31,AGCAAAACGAAAAT,14,14
NC_000964.3 Bacillus subtilis subsp. subtilis str. 168 complete genome,Test_Seq1,NC_000964.3,2560144,2560157,plus,   31,GTGATTTTGTGAGA,14,14
NC_000964.3 Bacillus subtilis subsp. subtilis str. 168 complete genome,Test_Seq1,NC_000964.3,2619681,2619697,plus,   31,AACAGTTTGTTTTTCTG,17,2GC14
NC_000964.3 Bacillus subtilis subsp. subtilis str. 168 complete genome,Test_Seq1,NC_000964.3,2630717,2630686,minus,   31,AACCGGGCAGCCTGATCTCAAAACAATCTTTA,32,14TA1ACCTTC5CACA2CT3
NC_000964.3 Bacillus subtilis subsp. subtilis str. 168 complete genome,Test_Seq1,NC_000964.3,2678088,2678072,minus,   31,GAAAAACAAAACGAAAA,17,5GA11
NC_000964.3 Bacillus subtilis subsp. subtilis str. 168 complete genome,Test_Seq1,NC_000964.3,2691355,2691371,plus,   31,TGAACCATAGAGTACCC,17,2TA14
NC_000964.3 Bacillus subtilis subsp. subtilis str. 168 complete genome,Test_Seq1,NC_000964.3,2781010,2780997,minus,   31,TATTATAATGTGAT,14,14
NC_000964.3 Bacillus subtilis subsp. subtilis str. 168 complete genome,Test_Seq1,NC_000964.3,2857250,2857263,plus,   31,AATTTGGTTTCGAA,14,14
NC_000964.3 Bacillus subtilis subsp. subtilis str. 168 complete genome,Test_Seq1,NC_000964.3,2870116,2870103,minus,   31,TATCAAACTGGGAA,14,14
NC_000964.3 Bacillus subtilis subsp. subtilis str. 168 complete genome,Test_Seq1,NC_000964.3,2983702,2983727,plus,   31,TTTTTTCTCTT--CTGGCAACCTTTTTT,28,6GC4T-C-2CGTG11
NC_000964.3 Bacillus subtilis subsp. subtilis str. 168 complete genome,Test_Seq1,NC_000964.3,2999890,2999903,plus,   31,AATAAGCAAAATCT,14,14
NC_000964.3 Bacillus subtilis subsp. subtilis str. 168 complete genome,Test_Seq1,NC_000964.3,3078348,3078335,minus,   31,CTTTTTTCACTCTT,14,14
NC_000964.3 Bacillus subtilis subsp. subtilis str. 168 complete genome,Test_Seq1,NC_000964.3,3106495,3106511,plus,   31,AAAAAAGACGGAACGAT,17,2GA14
NC_000964.3 Bacillus subtilis subsp. subtilis str. 168 complete genome,Test_Seq1,NC_000964.3,3149519,3149506,minus,   31,CAAAGCATTTTGTT,14,14
NC_000964.3 Bacillus subtilis subsp. subtilis str. 168 complete genome,Test_Seq1,NC_000964.3,3206966,3206950,minus,   31,GAAAAACAAAACGAAAA,17,5GA11
NC_000964.3 Bacillus subtilis subsp. subtilis str. 168 complete genome,Test_Seq1,NC_000964.3,3298437,3298453,plus,   31,GAGAAAGAAAAGCAAAA,17,4CA12
NC_000964.3 Bacillus subtilis subsp. subtilis str. 168 complete genome,Test_Seq1,NC_000964.3,3408529,3408542,plus,   31,GATCTTTGGAAAGC,14,14
NC_000964.3 Bacillus subtilis subsp. subtilis str. 168 complete genome,Test_Seq1,NC_000964.3,3493644,3493667,plus,   31,AAATTTTTTCGTCCTCTGTAAAAG,24,2GA3GT2TC11GA2
NC_000964.3 Bacillus subtilis subsp. subtilis str. 168 complete genome,Test_Seq1,NC_000964.3,3575584,3575571,minus,   31,GATTGAAAAAGAAC,14,14
NC_000964.3 Bacillus subtilis subsp. subtilis str. 168 complete genome,Test_Seq1,NC_000964.3,3579512,3579530,plus,   31,CATATATTTTCCTCCTGTT,19,3GA12AG2
NC_000964.3 Bacillus subtilis subsp. subtilis str. 168 complete genome,Test_Seq1,NC_000964.3,4030418,4030431,plus,   31,GCAATACGGTTTCC,14,14
NC_000964.3 Bacillus subtilis subsp. subtilis str. 168 complete genome,Test_Seq1,NC_000964.3,4146372,4146385,plus,   31,AAAGCATTTTGTTT,14,14
NC_000964.3 Bacillus subtilis subsp. subtilis str. 168 complete genome,Test_Seq1,NC_000964.3,4160095,4160113,plus,   31,TTTGTTTTTCGGAACAGCA,19,11AG4AG2
NC_000964.3 Bacillus subtilis subsp. subtilis str. 168 complete genome,Test_Seq1,NC_000964.3,4181405,4181392,minus,   31,GTCTCAGCAACCGG,14,14
NC_000964.3 Bacillus subtilis subsp. subtilis str. 168 complete genome,Test_Seq1,NC_000964.3,4189193,4189175,minus,   31,TATAATAAGATCATATCAA,19,6GATA11
NC_000964.3 Bacillus subtilis subsp. subtilis str. 168 complete genome,Test_Seq1,NC_000964.3,4198482,4198464,minus,   31,TTTCCTCTCTTATTTGAAA,19,3TC1AT13
NC_000964.3 Bacillus subtilis subsp. subtilis str. 168 complete genome,Test_Seq1,NC_000964.3,4202022,4202035,plus,   31,ATTGAAAAAGAACG,14,14
NC_000964.3 Bacillus subtilis subsp. subtilis str. 168 complete genome,Test_Seq1,NC_000964.3,4205273,4205260,minus,   31,ATTTGAAATGAACC,14,14
NC_000964.3 Bacillus subtilis subsp. subtilis str. 168 complete genome,Test_Seq1,NC_000964.3,4207015,4206999,minus,   31,ATTAGGGATTGAAAAAG,17,3GA13
NC_000964.3 Bacillus subtilis subsp. subtilis str. 168 complete genome,Test_Seq1,NC_000964.3,4211582,4211566,minus,   31,GGAAATCATTGGAGATT,17,12GA4
NC_000964.3 Bacillus subtilis subsp. subtilis str. 168 complete genome,Test_Seq2,NC_000964.3,3710071,3710208,plus,2e-067,TTTGCATACCGTTACTGATCATTAATGTTAACGGCTCGTAGCTGCGGAAATAACGTGACATCCAAATGGCGTGCGAACCGATATCGCAAGTTACTGTAACATGATCATCGACTGCATTACGCAACTCTTTAACGATTT,138,138
NC_000964.3 Bacillus subtilis subsp. subtilis str. 168 complete genome,Test_Seq2,NC_000964.3,2421949,2421963,plus,1.4,GCTGCGGAAATAACG,15,15
NC_000964.3 Bacillus subtilis subsp. subtilis str. 168 complete genome,Test_Seq2,NC_000964.3,1255792,1255779,minus,5.0,GGCGTGCGAACCGA,14,14
NC_000964.3 Bacillus subtilis subsp. subtilis str. 168 complete genome,Test_Seq2,NC_000964.3,2773369,2773403,plus,5.0,AAGAACATGACATCCAAAAAGAGT-TGAAACGATAT,36,2TG3GA11TAGA1CA2G-CT3CA6
NC_000964.3 Bacillus subtilis subsp. subtilis str. 168 complete genome,Test_Seq2,NC_000964.3,3424503,3424485,minus,5.0,ATATCGTGACTGATCATTA,19,3CT3TG11
NC_000964.3 Bacillus subtilis subsp. subtilis str. 168 complete genome,Test_Seq2,NC_000964.3,3707788,3707801,plus,5.0,ACATGATCATCGAC,14,14
NC_000964.3 Bacillus subtilis subsp. subtilis str. 168 complete genome,Test_Seq2,NC_000964.3,50199,50187,minus,   18,ACATGATCATCGA,13,13
NC_000964.3 Bacillus subtilis subsp. subtilis str. 168 complete genome,Test_Seq2,NC_000964.3,142454,142442,minus,   18,GTTACTGTAACAT,13,13
NC_000964.3 Bacillus subtilis subsp. subtilis str. 168 complete genome,Test_Seq2,NC_000964.3,510735,510720,minus,   18,AAATCTTTAACGATTT,16,2CA13
NC_000964.3 Bacillus subtilis subsp. subtilis str. 168 complete genome,Test_Seq2,NC_000964.3,706116,706136,plus,   18,CTGATCATTAATGATGAAGGC,21,13TA1AG1CA3
NC_000964.3 Bacillus subtilis subsp. subtilis str. 168 complete genome,Test_Seq2,NC_000964.3,1095621,1095606,minus,   18,TGTCATCCAAATGGCG,16,2AT13
NC_000964.3 Bacillus subtilis subsp. subtilis str. 168 complete genome,Test_Seq2,NC_000964.3,1203949,1203961,plus,   18,CGGAAATAACGTG,13,13
NC_000964.3 Bacillus subtilis subsp. subtilis str. 168 complete genome,Test_Seq2,NC_000964.3,1313065,1313053,minus,   18,GAACCGATATCGC,13,13
NC_000964.3 Bacillus subtilis subsp. subtilis str. 168 complete genome,Test_Seq2,NC_000964.3,2227321,2227336,plus,   18,ATTAATGTTAAAGGCT,16,11CA4
NC_000964.3 Bacillus subtilis subsp. subtilis str. 168 complete genome,Test_Seq2,NC_000964.3,2452143,2452155,plus,   18,GCGAACCGATATC,13,13
NC_000964.3 Bacillus subtilis subsp. subtilis str. 168 complete genome,Test_Seq2,NC_000964.3,3681087,3681099,plus,   18,ACTGATCATTAAT,13,13
NC_000964.3 Bacillus subtilis subsp. subtilis str. 168 complete genome,Test_Seq2,NC_000964.3,3713685,3713673,minus,   18,TACTGATCATTAA,13,13
NC_000964.3 Bacillus subtilis subsp. subtilis str. 168 complete genome,Test_Seq2,NC_000964.3,3798426,3798438,plus,   18,TTAACGGCTCGTA,13,13
NC_000964.3 Bacillus subtilis subsp. subtilis str. 168 complete genome,Test_Seq2,NC_000964.3,3934084,3934072,minus,   18,TGCGGAAATAACG,13,13
NC_000964.3 Bacillus subtilis subsp. subtilis str. 168 complete genome,Test_Seq2,NC_000964.3,4048573,4048561,minus,   18,TACTGATCATTAA,13,13
NC_000964.3 Bacillus subtilis subsp. subtilis str. 168 complete genome,Test_Seq2,NC_000964.3,110603,110619,plus,   61,TTGCATACCGTCGCTGA,17,11TCAG4
NC_000964.3 Bacillus subtilis subsp. subtilis str. 168 complete genome,Test_Seq2,NC_000964.3,190926,190937,plus,   61,CTGTAACATGAT,12,12
NC_000964.3 Bacillus subtilis subsp. subtilis str. 168 complete genome,Test_Seq2,NC_000964.3,210684,210695,plus,   61,ACATGATCATCG,12,12
NC_000964.3 Bacillus subtilis subsp. subtilis str. 168 complete genome,Test_Seq2,NC_000964.3,223034,223045,plus,   61,ACCGATATCGCA,12,12
NC_000964.3 Bacillus subtilis subsp. subtilis str. 168 complete genome,Test_Seq2,NC_000964.3,338256,338245,minus,   61,TTACTGATCATT,12,12
NC_000964.3 Bacillus subtilis subsp. subtilis str. 168 complete genome,Test_Seq2,NC_000964.3,429447,429436,minus,   61,AAATGGCGTGCG,12,12
NC_000964.3 Bacillus subtilis subsp. subtilis str. 168 complete genome,Test_Seq2,NC_000964.3,434905,434894,minus,   61,TCTTTAACGATT,12,12
NC_000964.3 Bacillus subtilis subsp. subtilis str. 168 complete genome,Test_Seq2,NC_000964.3,467637,467648,plus,   61,GACATCCAAATG,12,12
NC_000964.3 Bacillus subtilis subsp. subtilis str. 168 complete genome,Test_Seq2,NC_000964.3,491749,491760,plus,   61,AAATGGCGTGCG,12,12
NC_000964.3 Bacillus subtilis subsp. subtilis str. 168 complete genome,Test_Seq2,NC_000964.3,531045,531034,minus,   61,GTGACATCCAAA,12,12
NC_000964.3 Bacillus subtilis subsp. subtilis str. 168 complete genome,Test_Seq2,NC_000964.3,586699,586688,minus,   61,CTGATCATTAAT,12,12
NC_000964.3 Bacillus subtilis subsp. subtilis str. 168 complete genome,Test_Seq2,NC_000964.3,765444,765455,plus,   61,ATGATCATCGAC,12,12
NC_000964.3 Bacillus subtilis subsp. subtilis str. 168 complete genome,Test_Seq2,NC_000964.3,980714,980725,plus,   61,ATCCAAATGGCG,12,12
NC_000964.3 Bacillus subtilis subsp. subtilis str. 168 complete genome,Test_Seq2,NC_000964.3,1058299,1058313,plus,   61,GACTGCATTACGAAA,15,12CA2
NC_000964.3 Bacillus subtilis subsp. subtilis str. 168 complete genome,Test_Seq2,NC_000964.3,1065683,1065697,plus,   61,TCGAAGCTGCGGAAA,15,3TA11
NC_000964.3 Bacillus subtilis subsp. subtilis str. 168 complete genome,Test_Seq2,NC_000964.3,1086676,1086687,plus,   61,ACATGATCATCG,12,12
NC_000964.3 Bacillus subtilis subsp. subtilis str. 168 complete genome,Test_Seq2,NC_000964.3,1096829,1096815,minus,   61,GTGACATCCAAAGGG,15,12TG2
NC_000964.3 Bacillus subtilis subsp. subtilis str. 168 complete genome,Test_Seq2,NC_000964.3,1113662,1113676,plus,   61,TGATCATTAATGATA,15,12TA2
NC_000964.3 Bacillus subtilis subsp. subtilis str. 168 complete genome,Test_Seq2,NC_000964.3,1150361,1150350,minus,   61,GACTGCATTACG,12,12
NC_000964.3 Bacillus subtilis subsp. subtilis str. 168 complete genome,Test_Seq2,NC_000964.3,1237257,1237268,plus,   61,TGACATCCAAAT,12,12
NC_000964.3 Bacillus subtilis subsp. subtilis str. 168 complete genome,Test_Seq2,NC_000964.3,1250729,1250718,minus,   61,CCGATATCGCAA,12,12
NC_000964.3 Bacillus subtilis subsp. subtilis str. 168 complete genome,Test_Seq2,NC_000964.3,1295660,1295649,minus,   61,ACATGATCATCG,12,12
NC_000964.3 Bacillus subtilis subsp. subtilis str. 168 complete genome,Test_Seq2,NC_000964.3,1295731,1295720,minus,   61,CTCTTTAACGAT,12,12
NC_000964.3 Bacillus subtilis subsp. subtilis str. 168 complete genome,Test_Seq2,NC_000964.3,1317719,1317705,minus,   61,TGATCATCGACCGCA,15,11TC3
NC_000964.3 Bacillus subtilis subsp. subtilis str. 168 complete genome,Test_Seq2,NC_000964.3,1366494,1366483,minus,   61,CAAATGGCGTGC,12,12
NC_000964.3 Bacillus subtilis subsp. subtilis str. 168 complete genome,Test_Seq2,NC_000964.3,1451195,1451184,minus,   61,ATCATTAATGTT,12,12
NC_000964.3 Bacillus subtilis subsp. subtilis str. 168 complete genome,Test_Seq2,NC_000964.3,1544064,1544053,minus,   61,CATCCAAATGGC,12,12
NC_000964.3 Bacillus subtilis subsp. subtilis str. 168 complete genome,Test_Seq2,NC_000964.3,1632156,1632167,plus,   61,CTGATCATTAAT,12,12
NC_000964.3 Bacillus subtilis subsp. subtilis str. 168 complete genome,Test_Seq2,NC_000964.3,1720517,1720531,plus,   61,GGAAATAACGTGTCA,15,12AT2
NC_000964.3 Bacillus subtilis subsp. subtilis str. 168 complete genome,Test_Seq2,NC_000964.3,1738774,1738788,plus,   61,TGCGGAAATAACTTG,15,12GT2
NC_000964.3 Bacillus subtilis subsp. subtilis str. 168 complete genome,Test_Seq2,NC_000964.3,1770233,1770222,minus,   61,TGCATTACGCAA,12,12
NC_000964.3 Bacillus subtilis subsp. subtilis str. 168 complete genome,Test_Seq2,NC_000964.3,1805154,1805165,plus,   61,GTTACTGATCAT,12,12
NC_000964.3 Bacillus subtilis subsp. subtilis str. 168 complete genome,Test_Seq2,NC_000964.3,1836755,1836769,plus,   61,GATATCGCAAGTCAC,15,12TC2
NC_000964.3 Bacillus subtilis subsp. subtilis str. 168 complete genome,Test_Seq2,NC_000964.3,1902435,1902424,minus,   61,GCAACTCTTTAA,12,12
NC_000964.3 Bacillus subtilis subsp. subtilis str. 168 complete genome,Test_Seq2,NC_000964.3,2238477,2238463,minus,   61,ATTATTAATGTTAAC,15,2CT12
NC_000964.3 Bacillus subtilis subsp. subtilis str. 168 complete genome,Test_Seq2,NC_000964.3,2301673,2301689,plus,   61,TTACTGTAACAATATCA,17,11TAGT4
NC_000964.3 Bacillus subtilis subsp. subtilis str. 168 complete genome,Test_Seq2,NC_000964.3,2330160,2330149,minus,   61,AACTCTTTAACG,12,12
NC_000964.3 Bacillus subtilis subsp. subtilis str. 168 complete genome,Test_Seq2,NC_000964.3,2403591,2403580,minus,   61,CTTTAACGATTT,12,12
NC_000964.3 Bacillus subtilis subsp. subtilis str. 168 complete genome,Test_Seq2,NC_000964.3,2584169,2584185,plus,   61,CCAATATCGCAAGTGAC,17,2GA11TG2
NC_000964.3 Bacillus subtilis subsp. subtilis str. 168 complete genome,Test_Seq2,NC_000964.3,2604380,2604369,minus,   61,AACTCTTTAACG,12,12
NC_000964.3 Bacillus subtilis subsp. subtilis str. 168 complete genome,Test_Seq2,NC_000964.3,2764123,2764134,plus,   61,CTTTAACGATTT,12,12
NC_000964.3 Bacillus subtilis subsp. subtilis str. 168 complete genome,Test_Seq2,NC_000964.3,2987583,2987594,plus,   61,TAACATGATCAT,12,12
NC_000964.3 Bacillus subtilis subsp. subtilis str. 168 complete genome,Test_Seq2,NC_000964.3,3029276,3029265,minus,   61,AATAACGTGACA,12,12
NC_000964.3 Bacillus subtilis subsp. subtilis str. 168 complete genome,Test_Seq2,NC_000964.3,3047247,3047236,minus,   61,TCATCGACTGCA,12,12
NC_000964.3 Bacillus subtilis subsp. subtilis str. 168 complete genome,Test_Seq2,NC_000964.3,3163588,3163599,plus,   61,TTACTGATCATT,12,12
NC_000964.3 Bacillus subtilis subsp. subtilis str. 168 complete genome,Test_Seq2,NC_000964.3,3208454,3208465,plus,   61,AGCTGCGGAAAT,12,12
NC_000964.3 Bacillus subtilis subsp. subtilis str. 168 complete genome,Test_Seq2,NC_000964.3,3261697,3261683,minus,   61,ATCCAAATGGCGAGC,15,12TA2
NC_000964.3 Bacillus subtilis subsp. subtilis str. 168 complete genome,Test_Seq2,NC_000964.3,3841053,3841064,plus,   61,CGAACCGATATC,12,12
NC_000964.3 Bacillus subtilis subsp. subtilis str. 168 complete genome,Test_Seq2,NC_000964.3,3842705,3842694,minus,   61,CTTTAACGATTT,12,12
NC_000964.3 Bacillus subtilis subsp. subtilis str. 168 complete genome,Test_Seq2,NC_000964.3,3887247,3887258,plus,   61,ATAACGTGACAT,12,12
NC_000964.3 Bacillus subtilis subsp. subtilis str. 168 complete genome,Test_Seq2,NC_000964.3,3918471,3918460,minus,   61,TGCGGAAATAAC,12,12
NC_000964.3 Bacillus subtilis subsp. subtilis str. 168 complete genome,Test_Seq2,NC_000964.3,4049639,4049628,minus,   61,CGGAAATAACGT,12,12
NC_000964.3 Bacillus subtilis subsp. subtilis str. 168 complete genome,Test_Seq2,NC_000964.3,4054309,4054320,plus,   61,TTACTGTAACAT,12,12
NC_000964.3 Bacillus subtilis subsp. subtilis str. 168 complete genome,Test_Seq2,NC_000964.3,4063160,4063149,minus,   61,TCTTTAACGATT,12,12
NC_000964.3 Bacillus subtilis subsp. subtilis str. 168 complete genome,Test_Seq2,NC_000964.3,4174282,4174293,plus,   61,ATCATTAATGTT,12,12
