NC_000964.3 Bacillus subtilis subsp. subtilis str. 168 complete genome,terA,NC_000964.3,2272872,2272857,minus,2.1,TATGATGTAACTAAAG,16,4TA11
NC_000964.3 Bacillus subtilis subsp. subtilis str. 168 complete genome,terA,NC_000964.3,3297461,3297450,minus,2.1,GTATGTTGTAAC,12,12
NC_000964.3 Bacillus subtilis subsp. subtilis str. 168 complete genome,terB,NC_000964.3,1997939,1997950,plus,2.1,AATAAGTATGTT,12,12
NC_000964.3 Bacillus subtilis subsp. subtilis str. 168 complete genome,terB,NC_000964.3,2272872,2272857,minus,2.1,TATGATGTAACTAAAG,16,4TA11
NC_000964.3 Bacillus subtilis subsp. subtilis str. 168 complete genome,terB,NC_000964.3,3297461,3297450,minus,2.1,GTATGTTGTAAC,12,12
NC_000964.3 Bacillus subtilis subsp. subtilis str. 168 complete genome,terC,NC_000964.3,887395,887384,minus,2.1,AGGATGTTGTAA,12,12
NC_000964.3 Bacillus subtilis subsp. subtilis str. 168 complete genome,terD,NC_000964.3,997155,997144,minus,2.1,CATTAGTATGTT,12,12
NC_000964.3 Bacillus subtilis subsp. subtilis str. 168 complete genome,terD,NC_000964.3,3297461,3297450,minus,2.1,GTATGTTGTAAC,12,12
NC_000964.3 Bacillus subtilis subsp. subtilis str. 168 complete genome,terE,NC_000964.3,3297461,3297450,minus,2.1,GTATGTTGTAAC,12,12
NC_000964.3 Bacillus subtilis subsp. subtilis str. 168 complete genome,terE,NC_000964.3,3484965,3484976,plus,2.1,TAAAGTATGTTG,12,12
NC_000964.3 Bacillus subtilis subsp. subtilis str. 168 complete genome,terF,NC_000964.3,1473618,1473607,minus,2.1,TGTTGTAACGAC,12,12
NC_000964.3 Bacillus subtilis subsp. subtilis str. 168 complete genome,terF,NC_000964.3,1579364,1579375,plus,2.1,ATGTTGTAACGA,12,12
NC_000964.3 Bacillus subtilis subsp. subtilis str. 168 complete genome,terF,NC_000964.3,3093956,3093967,plus,2.1,TCGTATGTTGTA,12,12
NC_000964.3 Bacillus subtilis subsp. subtilis str. 168 complete genome,terF,NC_000964.3,3297461,3297450,minus,2.1,GTATGTTGTAAC,12,12
NC_000964.3 Bacillus subtilis subsp. subtilis str. 168 complete genome,terG,NC_000964.3,887396,887384,minus,0.52,AAGGATGTTGTAA,13,13
NC_000964.3 Bacillus subtilis subsp. subtilis str. 168 complete genome,terG,NC_000964.3,316152,316163,plus,2.1,GTCAAGGATGTT,12,12
NC_000964.3 Bacillus subtilis subsp. subtilis str. 168 complete genome,terG,NC_000964.3,912476,912465,minus,2.1,AAGGATGTTGTA,12,12
NC_000964.3 Bacillus subtilis subsp. subtilis str. 168 complete genome,terG,NC_000964.3,2255686,2255675,minus,2.1,TCAAGGATGTTG,12,12
NC_000964.3 Bacillus subtilis subsp. subtilis str. 168 complete genome,terG,NC_000964.3,3655089,3655074,minus,2.1,GATGTTGTATCTAACC,16,9AT6
NC_000964.3 Bacillus subtilis subsp. subtilis str. 168 complete genome,terH,NC_000964.3,3093955,3093967,plus,0.52,ATCGTATGTTGTA,13,13
NC_000964.3 Bacillus subtilis subsp. subtilis str. 168 complete genome,terH,NC_000964.3,3297461,3297450,minus,2.1,GTATGTTGTAAC,12,12
NC_000964.3 Bacillus subtilis subsp. subtilis str. 168 complete genome,terI,NC_000964.3,3649107,3649119,plus,0.52,ATGGAAGTTGTAA,13,13
