rname,qname,pos,qwidth,strand,seq
MG1655,terA,1341720,1341768,-,TGCCGGAGCACAATGGAACATTAATAATTAGTATGTTGTAACTAAAGTCGGATTTTTTTTAAAAATTACAGGC
MG1655,terB,1684201,1684249,+,TCAAGTCACCACGACTGTGCTATAAAATAAGTATGTTGTAACTAAAGTGGTTAATATTATGGCGCGTTACGAT
MG1655,terC,1609132,1609180,+,TGTGGCACCTGTTAATGATAAAGGCATATAGGATGTTGTAACTAATATGGTGAAATAAGAAACCCGGTCGAAA
MG1655,terD,1279502,1279550,-,AAATCCGGCGAAATAAACCATATAACATTAGTATGTTGTAACTAAATGACGCATAAAAAAAGCGCGACATCAT
MG1655,terE,1082180,1082228,-,TAATGGTCATGACGAGACTATCCCTTTAAAGTATGTTGTAACTAAGCAAGAGTTTGCGTCGTATTTGTTACGC
MG1655,terF,2317639,2317687,+,CACATCTTCGGGAGTCGGTTCCTGCCCTTCGTATGTTGTAACGACGATGCCGCTGCGCTGCAAACTGGTTTCC
MG1655,terG,2377331,2377379,+,CAAGCGAGTACCCCACCAGCCAGAAGTCAAGGATGTTGTAACTAACCAAGGTTTTACGCAGTAAGTCGGTGAC
MG1655,terH,599646,599694,-,GATGGCGCGGTCAATGAGCTGGCTGCGATCGTATGTTGTAACTATCTCCACGCCTTCCGGCAGACTACTTTTC
MG1655,terI,625386,625434,-,GCAGGACGCCACCATCAGCCAGCGGAACATGGAAGTTGTAACTAACCGGGTTTTGCGCAATCAACCGTTCCAG
MG1655,terJ,2576220,2576268,+,CAGTCACACCTTCCGAGCTGGAAACACGCAGTAAGTTGTAACTAATGCGGGCAGCTTCCATGTTCGGCATCAC
BW2952,terA,1230593,1230641,-,TGCCGGAGCACAATGGAACATTAATAATTAGTATGTTGTAACTAAAGTCGGATTTTTTTTAAAAATTACAGGC
BW2952,terB,1574284,1574332,+,TCAAGTCACCACGACTGTGCTATAAAATAAGTATGTTGTAACTAAAGTGGTTAATATTATGGCGCGTTACGAT
BW2952,terC,1499215,1499263,+,TGTGGCACCTGTTAATGATAAAGGCATATAGGATGTTGTAACTAATATGGTGAAATAAGAAACCCGGTCGAAA
BW2952,terD,1167446,1167494,-,AAATCCGGCGAAATAAACCATATAACATTAGTATGTTGTAACTAAATGACGCATAAAAAAAGCGCGACATCAT
BW2952,terE,984371,984419,-,TAATGGTCATGACGAGACTATCCCTTTAAAGTATGTTGTAACTAAGCAAGAGTTTGCGTCGTATTTGTTACGC
BW2952,terF,2201466,2201514,+,CACATCTTCGGGAGTCGGTTCCTGCCCTTCGTATGTTGTAACGACGATGCCGCTGCGCTGCAAACTGGTTTCC
BW2952,terG,2261158,2261206,+,CAAGCGAGTACCCCACCAGCCAGAAGTCAAGGATGTTGTAACTAACCAAGGTTTTACGCAGTAAGTCGGTGAC
BW2952,terH,501629,501677,-,GATGGCGCGGTCAATGAGCTGGCTGCGATCGTATGTTGTAACTATCTCCACGCCTTCCGGCAGACTACTTTTC
BW2952,terI,527369,527417,-,GCAGGACGCCACCATCAGCCAGCGGAACATGGAAGTTGTAACTAACCGGGTTTTGCGCAATCAACCGTTCCAG
BW2952,terJ,2460047,2460095,+,CAGTCACACCTTCCGAGCTGGAAACACGCAGTAAGTTGTAACTAATGCGGGCAGCTTCCATGTTCGGCATCAC
REL606,terA,1340091,1340139,-,TGCCGGAGCACAATGGAACATCAATAACTAGTATGTTGTAACTAAAGTAGGATTTTTTTAAAAATTACAGGCC
REL606,terB,1661396,1661444,+,TCAAGTCACCACCACTGTGCTATAAATTAAGGATGTTGTAACTAAAGTGGTTAATATTATGGCGCGTTACGAT
REL606,terC,1575677,1575725,+,TGTGGCATCTGTTAATGATAAAGGCACATAGGATGTTGTAACTAATATAGTGAAATAAGAAACCCGGTCGAAA
REL606,terD,1279652,1279700,-,AAATCCGGCGAAATAAACCATATAACATTAGTATGTTGTAACTAAATAACGCATAAAAAAAGCGCGACATCAT
REL606,terE,1098465,1098513,-,TAATGGTCATGACGAGACTATCCCTTTAAAGTATGTTGTAACTAAGCAAGAGTTTGCGTCGTATTTGTTACGC
REL606,terF,2264339,2264387,+,CACATCTTCGGGAGTCGGTTCCTGCCCTTCGTATGTTGTAACGACGATGCCGCTGCGCTGCAAACTGGTTTCC
REL606,terG,2323844,2323892,+,CAAGCGAGTACCCCACCAGCCAGAAGTCAAGAATGTTGTAACTAACCAAGGTTTTACGCAGTAAGTCGGTGAC
REL606,terH,580549,580597,-,GATGGCGCGGTCAATGAGCTGGCTGCGATCGTATGTTGTAACTATCTCCACGCCTTCCGGCAGACTACTTTTC
REL606,terI,608094,608142,-,GCAGGACGCCACCATCAGCCAGCGGGACATGGAAGTTGTAACTAACCGGGTTTTGCGCAATCAACCGTTCCAG
REL606,terJ,2497048,2497096,+,CAGTCACACCTTCCGAGCTGGAAACACGCAGTAAGTTGTAACTAATGCGGGCAGCTTCCATGTTCGGCATCAC
APECO78,terA,2108617,2108665,-,TGCCGGAGCACAATGGAACATTAATAATTAGTATGTTGTAACTAAAGTCGGATTTTTTTTAAAAATTACAGGC
APECO78,terB,2442446,2442494,+,TCAAGTCACCACGACTGTGCTATAAAATAAGTATGTTGTAACTAAAGTGGTTAATATTATGGCGCGTTACGAT
APECO78,terC,2351251,2351299,+,TGTGGCACCTGTTAATGATAAAGGCATATAGGATGTTGTAACTAATATGGTGAAATAAGAAACCCGGTCGAAA
APECO78,terD,2051168,2051216,-,AAATCCGGCGAAATAAACCATATAACATTAGTATGTTGTAACTAAATGACGCATAAAAAAAGCGCGACATCAT
APECO78,terE,1868420,1868468,-,TAATGGTCATGACGAGACTATCCCTTTAAAGTATGTTGTAACTAAGCAAGAGTTTGCGTCGTATTTGTTACGC
APECO78,terF,3083515,3083563,+,CACATCTTCGGGAGTCGGTTCCTGCCCTTCGTATGTTGTAACGACGATGCCGCTGCGCTGCAAACTGGTTTCC
APECO78,terG,3140863,3140911,+,CAAGCGAGTACCCCACCAGCCAGAAGTCAAGGATGTTGTAACTAACCAAGGTTTTACGCAGTAAGTCGGTGAC
APECO78,terH,1320803,1320851,-,GATGGCGCGGTCAATGAGCTGGCTGCGATCGTATGTTGTAACTATCTCCACGCCTTCCGGCAGACTACTTTTC
APECO78,terI,1345180,1345228,-,GCAGGACGCCACCATCAGCCAGCGGAACATGGAAGTTGTAACTAACCGGGTTTTGCGCAATCAACCGTTCCAG
APECO78,terJ,3320801,3320849,+,CAGTCACACCTTCCGAGCTGGAAACACGCAGTAAGTTGTAACTAATGCGGGCAGCTTCCATGTTCGGCATCAC
IAI1,terA,1362661,1362709,-,TGCCGGAGCACAATGGAACATCAATAACTAGTATGTTGTAACTAAAGTAGGATTTTTTTAAAAATTACAGGCC
IAI1,terB,1728524,1728572,+,TCAAGTCACCACGACTGTGCTATAAAATAAGTATGTTGTAACTAAAGTGGTTAATATTATGGCGCGTTACGAT
IAI1,terC,1619365,1619413,+,TGTGGCATCTGTTAATGATAAAGGCACATAGGATGTTGTAACTAATATAGTGAAATAAGAAACCCGGTCGAAA
IAI1,terD,1305210,1305258,-,AAATCCGGCGAAATAAGCCATATAACATTAGTATGTTGTAACTAAATAACGCATAAAAAAAGCGCGACATCAT
IAI1,terE,1133786,1133834,-,TAATGGTCATGACGAGACTATCCCTTTAAAGTATGTTGTAACTAAGCAAGAGTTTGCGTCGTATTTGTTACGC
IAI1,terF,2376021,2376069,+,CACATCTTCGGGAGTCGGTTCCTGCCCTTCGTATGTTGTAACGACGATGCCGCTGCGCTGCAAACTGGTTTCC
IAI1,terG,2424276,2424324,+,CAAGCGAGTACCCCACCAGCCAGAATTCAAGGATGTTGTAACTAACCAAGGTTTTACGCAGTAAGTCGGTGAC
IAI1,terH,603349,603397,-,GATGGCGCGGTCAATGAGCTGGCTGCGATCGTATGTTGTAACTATCTCCACGCCTTCCGGCAGACTACTTTTC
IAI1,terI,628219,628267,-,GCAGGACGCCACCATCAGCCAGCGGGACATGGAAGTTGTAACTAACCGGGTTTTGCGCAATCAACCGTTCCAG
IAI1,terJ,2599606,2599654,+,CAGTCACACCTTCCGAGCTGGAAACGCGCAGTAAGTTGTAACTAATGCGGGCAGCTTCCATGTTCGGCATCAC
11368,terA,1799831,1799879,-,TGCCGGAGCACAATGGAACATCAATAACTAGTATGTTGTAACTAAAGTAGGATTTTTTAAAAATTACAGGCCA
11368,terB,2264163,2264211,+,TCAAGTCACCACGACTGTGCTATAAAATAAGTATGTTGTAACTAAAGTGGTTAATATTATGGCGCGTTACGAT
11368,terC,2089700,2089748,+,TGTGGCATCTGTTAATGATAAAGGCACATAGGATGTTGTAACTAATATAGTGAAATAAGAAACCCGGTCGAAA
11368,terD,1706623,1706671,-,GAAATCCGGCGAATAAGCCATATAACATTAGTATGTTGTAACTAAATAACGCATAAAAAAAGCGCGACATCAT
11368,terE,1285404,1285452,-,TAATGGTCATGACGAGACTATCCCTTTAAAGTATGTTGTAACTAAGCAAGAGTTTGCGTCGTATTTGTTACGC
11368,terF,3079589,3079637,+,CACATCTTCGGGAGTCGGTTCCTGCCCTTCGTATGTTGTAACGACGATGCCGCTGCGCTGCAAACTGGTTTCC
11368,terG,3177594,3177642,+,CAAGCGAGTACCCCACCAGCCAGAAGTCAAGGATGTTGTAACTAACCAAGGTTTTACGCAGTAAGTCGGTGAC
11368,terH,686555,686603,-,GATGGCGCGGTCAATGAGCTGGCTGCGATCGTATGTTGTAACTATCTCCACGCCTTCCGGCAGACTACTTTTC
11368,terI,711418,711466,-,GCAGGACGCCACCATCAGCCAGCGGGACATGGAAGTTGTAACTAACCGGGTTTTGCGCAATCAACCGTTCCAG
11368,terJ,3424866,3424914,+,CAGTCACACCTTCCGAGCTGGAAACGCGCAGTAAGTTGTAACTAATGCGGGCAGCTTCCATGTTCGGCATCAC
S88,terA,1404663,1404711,-,TGCCGGAGCACAATAGAACATCAATAATTAGTATGTTGTAACTAAAGTCGGATTTTTTTAAAAATTACAGGCC
S88,terB,1653064,1653112,+,TCAAGTCACCACCATTGTGCTATAAAATAAGGATGTTGTAACTAAAGTGGTTAATATTATGGCGCGTTACGAT
S88,terC,1594794,1594842,+,TGTGGCACCTGTTAATGATAAAAGCACATAGAATGTTGTAACTAATATAGCGAAATAAGAAACCCGGTCGAAA
S88,terD,1295647,1295695,-,AAATCCAGCGAAATAAGCCATACAACATTAGTATGTTGTAACTAAATGACGCATAAAAAAAGCGCGACATCAT
S88,terE,1071334,1071382,-,TAATGGTCATGACGAGACTATCCCTTTAAAGTATGTTGTAACTAAGCAAGAGTTTGCGTCGTATTTGCTACAC
S88,terF,2349765,2349813,+,CACATCTTCGGGAGTCGGTTCCTGCCCTTCGTATGTTGTAACGACGATGCCGCTGCGCTGCAAACTGGTTTCC
S88,terG,2409174,2409222,+,CAAGCGAGTACCCCACCAGCCAGAAGTTAAGTATGTTGTAACTAACCAGCGTTTTACACAATAAGCCGGTGAC
S88,terH,625134,625182,-,AATGGCGCGGTCAATGAGCTGACTGCGATCGTATGTTGTAACTATCTCCACGCCTTCCGGCAGACTGCTTTTC
S88,terI,649341,649389,-,GCAGAACGCCACCATCAGCCAACGGAACATGGAAGTTGTAACTAACCGGGTTTTGCGCAATCAACCGTTCCAG
S88,terJ,2621495,2621543,+,CAGTCACACCTTCCGAGCTGGAAACGCGCAGTAAGTTGTAACTAATGCGGGCAGCTTCCATGTTCGGCATCAC
UTI89,terA,1462651,1462699,-,TGCCGGAGCACAATAGAACATCAATAATTAGTATGTTGTAACTAAAGTCGGATTTTTTAAAAATTACAGGCCA
UTI89,terB,1724631,1724679,+,TCAAGTCACCACCATTGTGCTATAAAATAAGGATGTTGTAACTAAAGTGGTTAATATTATGGCGCGTTACGAT
UTI89,terC,1666362,1666410,+,TGTGGCACCTGTTAATGATAAAGGCACACAGAATGTTGTAACTAATATAGCGAAATAAGAAACCCGGTCGAAA
UTI89,terD,1353627,1353675,-,AAATCCAGCGAAATAAGCCATACAACATTAGTATGTTGTAACTAAATGACGCATAAAAAAAGCGCGACATCAT
UTI89,terE,1068789,1068837,-,TAATGGTCATGACGAGACTATCCCTTTAAAGTATGTTGTAACTAAGCAAGAGTTTGCGTCGTATTTGCTACAC
UTI89,terF,2453942,2453990,+,CACATCTTCGGGAGTCGGTTCCTGCCCTTCGTATGTTGTAACGACGATGCCGCTGCGCTGCAAACTGGTTTCC
UTI89,terG,2513351,2513399,+,CAAGCGAGTACCCCACCAGCCAGAAGTTAAGTATGTTGTAACTAACCAGCGTTTTACACAATAAGCCGGTGAC
UTI89,terH,585100,585148,-,AATGGCGCGGTCAATGAGCTGACTGCGATCGTATGTTGTAACTATCTCCACGCCTTCCGGCAGACTGCTTTTC
UTI89,terI,609307,609355,-,GCAGAACGCCACCATCAGCCAACGGAACATGGAAGTTGTAACTAACCGGGTTTTGCGCAATCAACCGTTCCAG
UTI89,terJ,2725864,2725912,+,CAGTCACACCTTCCGAGCTGGAAACGCGCAGTAAGTTGTAACTAATGCGGGCAGCTTCCATGTTCGGCATCAC
E2348/69,terA,1508298,1508346,-,TGCCGGAGTACAATAGAACATCAATAATTAGTATGTTGTAACTAAAGTCGGATTTTTTTAAAAATTACAGGCC
E2348/69,terB,1759475,1759523,+,TCAAGTCATCACCATTGTGCTATAAAATAAGGATGTTGTAACTAAAGTGGTTAATATTATGGCGCGTTACGAT
E2348/69,terC,1706363,1706411,+,TGTGGCACCTGTTAATGATAAAGACGCATAGGATGTTGTAACTAATATAGCGAAATAAGAAACCCGGTCGAAA
E2348/69,terD,1387336,1387384,-,AAATCCAGCGAAATAAGCCATACAACATTAGTATGTTGTAACTAAATGACGCATAAAAAAAGCGCGACATCAT
E2348/69,terE,1114929,1114977,-,TAATGGTCATGACGAGACTATCCCTTTAAAGTATGTTGTAACTAAGCAAGAGTTTGCGTCGTATTTGCTACAC
E2348/69,terF,2444856,2444904,+,CACATCTTCGGGAGTCGGTTCCTGCCCTTCGTATGTTGTAACGACGATGCCGCTGCGCTGCAAACTGGTTTCC
E2348/69,terG,2504337,2504385,+,CAAGCGAGTACCCCACCAGCCAGAAGTTAAGTATGTTGTAACTAACCAGCGTTTTACACAATAAGCCGGTGAC
E2348/69,terH,531979,532027,-,AATGGCGCGGTCAATGAGCTGACTGCGATCGTATGTTGTAACTATCTCCACGCCTTCCGGCAGACTGCTTTTC
E2348/69,terI,556267,556315,-,GCAGAACGCCACCATCAGCCAACGGAACATGGAAGTTGTAACTAACCGGGTTTTGCGCAATCAACCGTTCCAG
E2348/69,terJ,2765826,2765874,+,CAGTCACACCTTCCGAGCTGGAAACGCGCAGTAAGTTGTAACTAATGCGGGCAGCTTCCATGTTCGGCATCAC
IAI39,terA,1692639,1692687,-,TACCGGAGCACAATGGAACATCAATAATTAGTATGTTGTAACTAAAGTCGGATTTTTTTAAAAATTACAGGCC
IAI39,terB,1524231,1524279,-,TCAAGTCACCACCATTGTGCTATAAAATAAGGATGTTGTAACTAAAGTGGTTAATATTATGGCGCGTTACGAT
IAI39,terC,1875450,1875498,+,TGTAGCACCTGTTAATGATAAAGGCACATAGGATGTTGTAACTAATATAGTGAAATAAGAAACCCGGTCGAAA
IAI39,terD,1630401,1630449,-,AATCCGGCGAAATAAGCCAATATAATATGAGTATGTTGTAACTAAATGACGCATAAAAAAAGCGCGACATCAT
IAI39,terE,2181939,2181987,+,TAATGGTCATGACGAGACTATCCCTTTAAAGTATGTTGTAACTAAGCAAGAGTTTGCGTCGTATTTGCTACAC
IAI39,terF,2429730,2429778,+,CACATCTTCGGGAGTCGGTGCCTGCCCTTCGTATGTTGTAACGACGATGCCGCTGCGCTGCAAACTGGTTTCC
IAI39,terG,2496345,2496393,+,CAAGCGAGTACCCCACCAGCCAGAAGTCAGGGATGTTGTAACTAACCAAGGTTTTACACAGTAAGCCGGTGAC
IAI39,terH,579333,579381,-,GATGGCGCGGTCAATGAGCTGACTGCGATCGTATGTTGTAACTATCTCCACGCCTTCCGGCAGACTGCTTTTC
IAI39,terI,604971,605019,-,GCAGAACGCCACCATCAGCCAACGGAACATGGAAGTTGTAACTAACCGGGTTTTGCGCAATCAACCGTTCCAG
IAI39,terJ,2692991,2693039,+,CAGTCACACCTTCCGAGCTGGAAACGCGCAGTAAGTTGTAACTAATGCGGGCAGCTTCCATGTTCGGCATCAC
SMS-3-5,terA,1871172,1871220,+,TACCGGAGCACAATGGAACATCAACAATTAGTATGTTGTAACTAAAGTCGGATTTTTTTAAAAATTACAGGCC
SMS-3-5,terB,1578216,1578264,-,TCAAGTCACCACCATTGTGCTATAAAATAAGGATGTTGTAACTAAAGTGGTTAATATTATGGCGCGTTACGAT
SMS-3-5,terC,1640418,1640466,-,TATGGCACCCGTTAATGATAAAGGCACATAGGATGTTGTAACTAATATAGTGAAATAAGAAACCCGGTCGAAA
SMS-3-5,terD,1938177,1938225,+,AATCCGGCGAAATAAGCCAATATAATATGAGTATGTTGTAACTAAATGACGCATAAAAAAAGCGCGACATCAT
SMS-3-5,terE,2114876,2114924,+,TAATGGTCATGACGAGACTATCCCTTTAAAGTATGTTGTAACTAAGCAAGAGTTTGCGTCGTATTTGCTACAC
SMS-3-5,terF,2401236,2401284,+,CACATCTTCGGGAGTCGGTTCCTGCCCTTCGTATGTTGTAACGACGATGCCGCTGCGCTGCAAACTGGTTTCC
SMS-3-5,terG,2466710,2466758,+,CAAGCGAGTACCCCACCAGCCAGAAGTCAAGGATGTTGTAACTAACCAAGGTTTTACACAGTAAGCCGGTGAC
SMS-3-5,terH,602130,602178,-,AATGGCGCGGTCAATGAGCTGGCTGCGATCGTATGTTGTAACTATCTCCACGCCTTCCGGCAGACTGCTTTTC
SMS-3-5,terI,626310,626358,-,GCAGAACGCCACCATCAGCCAGCGGGACATGGAAGTTGTAACTAACCGGGTTTTGTGCAATCAACCGTTCCAG
SMS-3-5,terJ,2660521,2660569,+,CAGTCACACCTTCCGAGCTGGAAACGCGCAGTAAGTTGTAACTAATGCGGGCAGCTTCCATGTTCGGCATCAC
UMN026,terA,1593552,1593600,-,TACCGGAGCACAATGGAACATCAATAATTAGTATGTTGTAACTAAAGTCGGATTTTTTTAAAAATTACAGGCC
UMN026,terB,1919159,1919207,+,TCAAGTCACCACCATTGTGCTATAAATTAAGGATGTTGTAACTAAAGTGGTTAATATTATGGCGCGTTACGAT
UMN026,terC,1818158,1818206,+,TATGGCACCCGTTAATGATAAAGGCACATAGGATGTTGTAACTAATATAGTGAAATAAGAAACCCGGTCGAAA
UMN026,terD,1533171,1533219,-,AATCCGGCGAAATAAGCCACTCACACATAAGTATGTTGTAACTAAACGACAGATAAAAAAAAGCGCGACATCA
UMN026,terE,1257217,1257265,-,TAATGGTCATGACGAGACTATCCCTTTAAAGTATGTTGTAACTAAGCAAGAGTTTGCGTCGTATTTGCTACGC
UMN026,terF,2618111,2618159,+,CACATCTTCGGGAGTCGGTTCCTGCCCTTCGTATGTTGTTACGACGATGCCGCTGCGCTGCAAACTGTTTTCC
UMN026,terG,2680763,2680811,+,CAAGCGAGTACCCCACCAGCCAGAAGTTAAGGATGTTGTAACTAACCAGCGTTTTACACAGTAAGTCGGTGAC
UMN026,terH,715631,715679,-,GATGGCGCGGTCAATGAGCTGGCTGCGATCGTATGTTGTAACTATCTCCACGCCTTCCGGCAGACTACTTTTC
UMN026,terI,740326,740374,-,GCAGAACGCCACCATCAGCCAGCGGGACATGGAAGTTGTAACTAACCGGGTTTTGCGCAATCAACCGTTCCAG
UMN026,terJ,2855546,2855594,+,CAGTCACACCTTCCGAGCTGGAAACGCGCAATAAGTTGTAACTAATGCGGGCAGCTTCCATGTTCGGCATCAC
CE10,terA,1530016,1530064,-,TACCGGAGCACAATGGAACATCAATAATTAGTATGTTGTAACTAAAGTCGGATTTTTTTAAAAATTACAGGCC
CE10,terB,1899386,1899434,+,TCAAGTCACCACCATTGTGCTATAAAATAAGGATGTTGTAACTAAAGTGGTTAATATTATGGCGCGTTACGAT
CE10,terC,1754081,1754129,+,TGTAGCACCTGTTAATGATAAAGGCACATAGGATGTTGTAACTAATATAGTGAAATAAGAAACCCGGTCGAAA
CE10,terD,1419461,1419509,-,AATCCGGCGAAATAAGCCAATATAATATGAGTATGTTGTAACTAAATGACGCATAAAAAAAGCGCGACATCAT
CE10,terE,1156572,1156620,-,TAATGGTCATGACGAGACTATCCCTTTAAAGTATGTTGTAACTAAGCAAGAGTTTGCGTCGTATTTGCTACAC
CE10,terF,2620955,2621003,+,CACATCTTCGGGAGTCGGTGCCTGCCCTTCGTATGTTGTAACGACGATGCCGCTGCGCTGCAAACTGGTTTCC
CE10,terG,2689008,2689056,+,CAAGCGAGTACCCCACCAGCCAGAAGTCAGGGATGTTGTAACTAACCAAGGTTTTACACAGTAAGCCGGTGAC
CE10,terH,621533,621581,-,GATGGCGCGGTCAATGAGCTGACTGCGATCGTATGTTGTAACTATCTCCACGCCTTCCGGCAGACTGCTTTTC
CE10,terI,645735,645783,-,GCAGAACGCCACCATCAGCCAACGGAACATGGAAGTTGTAACTAACCGGGTTTTGCGCAATCAACCGTTCCAG
CE10,terJ,2884765,2884813,+,CAGTCACACCTTCCGAGCTGGAAACGCGCAGTAAGTTGTAACTAATGCGGGCAGCTTCCATGTTCGGCATCAC
42,terA,1359839,1359887,-,TGCCGGAGCACAATGGAACATCAATAACTAGTATGTTGTAACTAAAGTAGGATTTTTTTAAAAATTACAGGCC
42,terB,1685367,1685415,+,TCAAGTCACCACCATTGTGCTATAAATTAAGGATGTTGTAACTAAAGTGGTTAATATTATGGCGCGTTACGAT
42,terC,1601426,1601474,+,TGTGGCACCTGTTAATGATAAAGGCACATAGGATGTTGTAACTAATATAGTGAAATAAGAAACCCGGTCGAAA
42,terD,1302034,1302082,-,AAATCCGGCGAAATAAACCATATAACATTAGTATGTTGTAACTAAATGACGCATAAAAAAAGCGCGACATCAT
42,terE,1108350,1108398,-,TAATGGTCATGACGAGACTATCCCTTTAAAGTATGTTGTAACTAAGCAAGAGTTTGCGTCGTATTTGCTACGC
42,terF,2308523,2308571,+,CACATCTTCGGGAGTCGGTTCCTGCCCTTCGTATGTTGTAACGACGATGCCGCTGCGCTGCAAACTGGTTTCC
42,terG,2370705,2370753,+,CAAGCGAGTACCCCACCAGCCAGAAGTCAAGGATGTTGTAACTAACCAAGGTTTTACGCAGTAAGTCGGTGAC
42,terH,590912,590960,-,GATGGCGCGGTCAATGAGCTGGCTGCGATCGTATGTTGTAACTATCTCCACGCCTTCCGGCAGACTACTTTTC
42,terI,615290,615338,-,GCAGGACGCCACCATCAGCCAGCGGGACATGGAAGTTGTAACTAACCGGGTTTTGCGCAATCAACCGTTCCAG
42,terJ,2550488,2550536,+,CAGTCACACCTTCCGAGCTGGAAACGCGCAGTAAGTTGTAACTAATGCGGGCAGCTTCCATGTTCGGCATCAC
TW14359,terA,1808416,1808464,-,TGCCGGAGCACAATGGGACATAAATAACTAGTATGTTGTAACTAAAGTCGGTTTTTTTAAAAAATTACAGGCC
TW14359,terB,2189278,2189326,+,TCAAGTCACCACCACTGTGCTATAAATTAAGGATGTTGTAACTAAAGTGGTTAATATTATGGCGCGTTACGAT
TW14359,terC,2046631,2046679,+,TGTGGCACCTGTTAATGATAAAGGCTTATAGGATGTTGTAACTAATATAATGAAATAAGAAACCCGGTCGAAA
TW14359,terD,1645195,1645243,-,AAATCCGGCGAAATAAACCATATAACATTAGTATGTTGTAACTAAATGACGCATAAAAAAAGCGCGACATCAT
TW14359,terE,1267696,1267744,-,TAATGGTCATGACGAGACTATCCCTTTAAAGTATGTTGTAACTAAGCAAGAGTTTGCGTCGTATTTGTTACGC
TW14359,terF,3046859,3046907,+,CACATCTTCGGGAGTCGGTTCCTGCCCTTCGTATGTTGTTACGACGATGCCGCTGCGCTGCAAACTGGTTTCC
TW14359,terG,3104077,3104125,+,CAAGCGAGTACCCCACCAGCCAGAAGCTAAGGATGTTGTAACTAACCAGGGTTTTACGCAGTAAGTCGGTGAC
TW14359,terH,687043,687091,-,GATGGCCCGGTCAATGAGCTGGCTGCGATCGTATGTTGTAACTATCTCCACGCCTTCCGGCAGACTGCTTTTC
TW14359,terI,711724,711772,-,GCAGAACGCCACCATCTGCCAGCGGGACATGGAAGTTGTAACTAACCGGGTTTTGCGCAATCAACCGTTCCAG
TW14359,terJ,3351332,3351380,+,CAGTCACACCTTCCGAGCTGGAAACGCGCAGTAAGTTGTAACTAATGCGGGCAGCTTCCATGTTCGGCATCAC
Sakai,terA,1842563,1842611,-,TGCCGGAGCACAATGGGACATAAATAACTAGTATGTTGTAACTAAAGTCGGTTTTTTTAAAAAATTACAGGCC
Sakai,terB,2284139,2284187,+,TCAAGTCACCACCACTGTGCTATAAATTAAGGATGTTGTAACTAAAGTGGTTAATATTATGGCGCGTTACGAT
Sakai,terC,2133191,2133239,+,TGTGGCACCTGTTAATGATAAAGGCTTATAGGATGTTGTAACTAATATAATGAAATAAGAAACCCGGTCGAAA
Sakai,terD,1724862,1724910,-,AAATCCGGCGAAATAAACCATATAACATTAGTATGTTGTAACTAAATGACGCATAAAAAAAGCGCGACATCAT
Sakai,terE,1325274,1325322,-,TAATGGTCATGACGAGACTATCCCTTTAAAGTATGTTGTAACTAAGCAAGAGTTTGCGTCGTATTTGTTACGC
Sakai,terF,3050761,3050809,+,CACATCTTCGGGAGTCGGTTCCTGCCCTTCGTATGTTGTTACGACGATGCCGCTGCGCTGCAAACTGGTTTCC
Sakai,terG,3107979,3108027,+,CAAGCGAGTACCCCACCAGCCAGAAGCTAAGGATGTTGTAACTAACCAGGGTTTTACGCAGTAAGTCGGTGAC
Sakai,terH,682176,682224,-,GATGGCCCGGTCAATGAGCTGGCTGCGATCGTATGTTGTAACTATCTCCACGCCTTCCGGCAGACTGCTTTTC
Sakai,terI,706857,706905,-,GCAGAACGCCACCATCTGCCAGCGGGACATGGAAGTTGTAACTAACCGGGTTTTGCGCAATCAACCGTTCCAG
Sakai,terJ,3292479,3292527,+,CAGTCACACCTTCCGAGCTGGAAACGCGCAGTAAGTTGTAACTAATGCGGGCAGCTTCCATGTTCGGCATCAC
EDL933,terA,2244677,2244725,+,TGCCGGAGCACAATGGGACATAAATAACTAGTATGTTGTAACTAAAGTCGGTTTTTTTAAAAAATTACAGGCC
EDL933,terB,2359288,2359336,+,TCAAGTCACCACCACTGTGCTATAAATTAAGGATGTTGTAACTAAAGGTGGTTAATATTATGGCGCGTTACGA
EDL933,terC,1955346,1955394,-,TGTGGCACCTGTTAATGATAAAGGCTTATAGGATGTTGTAACTAATATAATGAAATAAGAAACCCGGTCGAAA
EDL933,terD,1816661,1816709,-,AAATCCGGCGAAATAAACCATATAACATTAGTATGTTGTAACTAAATGACGCATAAAAAAAGCGCGACATCAT
EDL933,terE,1408904,1408952,-,TAATGGTCATGACGAGACTATCCCTTTAAAGTATGTTGTAACTAAGCAAGAGTTTGCGTCGTATTTGTTACGC
EDL933,terF,3121895,3121943,+,CACATCTTCGGGAGTCGGTTCCTGCCCTTCGTATGTTGTTACGACGATGCCGCTGCGCTGCAAACTGGTTTCC
EDL933,terG,3177800,3177848,+,CAAGCGAGTACCCCACCAGCCAGAAGCTAAGGATGTTGTAACTAACCAGGGTTTTACGCAGTAAGTCGGTGAC
EDL933,terH,681957,682005,-,GATGGCCCGGTCAATGAGCTGGCTGCGATCGTATGTTGTAACTATCTCCACGCCTTCCGGCAGACTGCTTTTC
EDL933,terI,706638,706686,-,GCAGAACGCCACCATCTGCCAGCGGGACATGGAAGTTGTAACTAACCGGGTTTTGCGCAATCAACCGTTCCAG
EDL933,terJ,3362178,3362226,+,CAGTCACACCTTCCGAGCTGGAAACGCGCAGTAAGTTGTAACTAATGCGGGCAGCTTCCATGTTCGGCATCAC
