"","rname","qname","pos","qwidth","strand","seq","flag"
"1","U00096.3","chi",5397,8,"+","GCTGGTGG",256
"2","U00096.3","chi",9485,8,"+","GCTGGTGG",256
"3","U00096.3","chi",25248,8,"+","GCTGGTGG",256
"4","U00096.3","chi",30274,8,"+","GCTGGTGG",256
"5","U00096.3","chi",32949,8,"+","GCTGGTGG",256
"6","U00096.3","chi",35518,8,"+","GCTGGTGG",256
"7","U00096.3","chi",42798,8,"+","GCTGGTGG",256
"8","U00096.3","chi",44995,8,"+","GCTGGTGG",256
"9","U00096.3","chi",48251,8,"+","GCTGGTGG",256
"10","U00096.3","chi",48347,8,"+","GCTGGTGG",256
"11","U00096.3","chi",58071,8,"+","GCTGGTGG",256
"12","U00096.3","chi",62430,8,"-","CCACCAGC",272
"13","U00096.3","chi",64463,8,"-","CCACCAGC",272
"14","U00096.3","chi",66998,8,"-","CCACCAGC",272
"15","U00096.3","chi",69959,8,"+","GCTGGTGG",256
"16","U00096.3","chi",72043,8,"+","GCTGGTGG",256
"17","U00096.3","chi",74452,8,"-","CCACCAGC",272
"18","U00096.3","chi",79581,8,"+","GCTGGTGG",256
"19","U00096.3","chi",81836,8,"+","GCTGGTGG",256
"20","U00096.3","chi",92201,8,"+","GCTGGTGG",256
"21","U00096.3","chi",93678,8,"+","GCTGGTGG",256
"22","U00096.3","chi",95714,8,"+","GCTGGTGG",256
"23","U00096.3","chi",96478,8,"+","GCTGGTGG",256
"24","U00096.3","chi",96640,8,"+","GCTGGTGG",256
"25","U00096.3","chi",108896,8,"+","GCTGGTGG",256
"26","U00096.3","chi",109634,8,"+","GCTGGTGG",256
"27","U00096.3","chi",114578,8,"-","CCACCAGC",272
"28","U00096.3","chi",118822,8,"+","GCTGGTGG",256
"29","U00096.3","chi",120453,8,"-","CCACCAGC",272
"30","U00096.3","chi",122346,8,"+","GCTGGTGG",256
"31","U00096.3","chi",130443,8,"+","GCTGGTGG",256
"32","U00096.3","chi",132635,8,"+","GCTGGTGG",256
"33","U00096.3","chi",135117,8,"+","GCTGGTGG",256
"34","U00096.3","chi",137556,8,"+","GCTGGTGG",256
"35","U00096.3","chi",137822,8,"-","CCACCAGC",272
"36","U00096.3","chi",137931,8,"+","GCTGGTGG",256
"37","U00096.3","chi",141541,8,"+","GCTGGTGG",256
"38","U00096.3","chi",142613,8,"-","CCACCAGC",272
"39","U00096.3","chi",143417,8,"+","GCTGGTGG",256
"40","U00096.3","chi",147309,8,"+","GCTGGTGG",256
"41","U00096.3","chi",147429,8,"+","GCTGGTGG",256
"42","U00096.3","chi",149472,8,"-","CCACCAGC",272
"43","U00096.3","chi",165401,8,"+","GCTGGTGG",256
"44","U00096.3","chi",166421,8,"+","GCTGGTGG",256
"45","U00096.3","chi",170257,8,"+","GCTGGTGG",256
"46","U00096.3","chi",171659,8,"+","GCTGGTGG",256
"47","U00096.3","chi",171680,8,"+","GCTGGTGG",256
"48","U00096.3","chi",173303,8,"+","GCTGGTGG",256
"49","U00096.3","chi",175474,8,"+","GCTGGTGG",256
"50","U00096.3","chi",180163,8,"+","GCTGGTGG",256
"51","U00096.3","chi",185622,8,"+","GCTGGTGG",256
"52","U00096.3","chi",193616,8,"+","GCTGGTGG",256
"53","U00096.3","chi",195772,8,"+","GCTGGTGG",256
"54","U00096.3","chi",209753,8,"+","GCTGGTGG",256
"55","U00096.3","chi",212552,8,"+","GCTGGTGG",256
"56","U00096.3","chi",215102,8,"+","GCTGGTGG",256
"57","U00096.3","chi",222139,8,"+","GCTGGTGG",256
"58","U00096.3","chi",222976,8,"+","GCTGGTGG",256
"59","U00096.3","chi",236234,8,"+","GCTGGTGG",256
"60","U00096.3","chi",237934,8,"+","GCTGGTGG",256
"61","U00096.3","chi",241113,8,"-","CCACCAGC",272
"62","U00096.3","chi",242202,8,"-","CCACCAGC",272
"63","U00096.3","chi",249329,8,"-","CCACCAGC",272
"64","U00096.3","chi",250446,8,"+","GCTGGTGG",256
"65","U00096.3","chi",258768,8,"+","GCTGGTGG",256
"66","U00096.3","chi",260405,8,"+","GCTGGTGG",256
"67","U00096.3","chi",264330,8,"-","CCACCAGC",272
"68","U00096.3","chi",267414,8,"+","GCTGGTGG",256
"69","U00096.3","chi",268301,8,"+","GCTGGTGG",256
"70","U00096.3","chi",275492,8,"+","GCTGGTGG",256
"71","U00096.3","chi",277461,8,"+","GCTGGTGG",256
"72","U00096.3","chi",298585,8,"-","CCACCAGC",272
"73","U00096.3","chi",305567,8,"+","GCTGGTGG",256
"74","U00096.3","chi",328674,8,"+","GCTGGTGG",256
"75","U00096.3","chi",339458,8,"+","GCTGGTGG",256
"76","U00096.3","chi",342405,8,"+","GCTGGTGG",256
"77","U00096.3","chi",348083,8,"-","CCACCAGC",272
"78","U00096.3","chi",348927,8,"+","GCTGGTGG",256
"79","U00096.3","chi",353284,8,"+","GCTGGTGG",256
"80","U00096.3","chi",354022,8,"+","GCTGGTGG",256
"81","U00096.3","chi",354397,8,"+","GCTGGTGG",256
"82","U00096.3","chi",355596,8,"+","GCTGGTGG",256
"83","U00096.3","chi",360951,8,"+","GCTGGTGG",256
"84","U00096.3","chi",362186,8,"-","CCACCAGC",272
"85","U00096.3","chi",364074,8,"+","GCTGGTGG",256
"86","U00096.3","chi",368733,8,"+","GCTGGTGG",256
"87","U00096.3","chi",370137,8,"+","GCTGGTGG",256
"88","U00096.3","chi",370312,8,"+","GCTGGTGG",256
"89","U00096.3","chi",371267,8,"-","CCACCAGC",272
"90","U00096.3","chi",376142,8,"+","GCTGGTGG",256
"91","U00096.3","chi",385552,8,"+","GCTGGTGG",256
"92","U00096.3","chi",387609,8,"+","GCTGGTGG",256
"93","U00096.3","chi",402286,8,"+","GCTGGTGG",256
"94","U00096.3","chi",403902,8,"+","GCTGGTGG",256
"95","U00096.3","chi",414215,8,"+","GCTGGTGG",256
"96","U00096.3","chi",416309,8,"+","GCTGGTGG",256
"97","U00096.3","chi",417474,8,"+","GCTGGTGG",256
"98","U00096.3","chi",427364,8,"+","GCTGGTGG",256
"99","U00096.3","chi",428688,8,"+","GCTGGTGG",256
"100","U00096.3","chi",434926,8,"+","GCTGGTGG",256
"101","U00096.3","chi",435777,8,"+","GCTGGTGG",256
"102","U00096.3","chi",436771,8,"+","GCTGGTGG",256
"103","U00096.3","chi",444324,8,"+","GCTGGTGG",256
"104","U00096.3","chi",445629,8,"+","GCTGGTGG",256
"105","U00096.3","chi",464272,8,"+","GCTGGTGG",256
"106","U00096.3","chi",469281,8,"+","GCTGGTGG",256
"107","U00096.3","chi",471088,8,"+","GCTGGTGG",256
"108","U00096.3","chi",471103,8,"+","GCTGGTGG",256
"109","U00096.3","chi",471169,8,"+","GCTGGTGG",256
"110","U00096.3","chi",492934,8,"+","GCTGGTGG",256
"111","U00096.3","chi",493314,8,"-","CCACCAGC",272
"112","U00096.3","chi",499532,8,"+","GCTGGTGG",256
"113","U00096.3","chi",501906,8,"-","CCACCAGC",272
"114","U00096.3","chi",505096,8,"+","GCTGGTGG",256
"115","U00096.3","chi",506932,8,"-","CCACCAGC",272
"116","U00096.3","chi",507481,8,"-","CCACCAGC",272
"117","U00096.3","chi",507862,8,"+","GCTGGTGG",256
"118","U00096.3","chi",510611,8,"-","CCACCAGC",272
"119","U00096.3","chi",512008,8,"-","CCACCAGC",272
"120","U00096.3","chi",516630,8,"+","GCTGGTGG",256
"121","U00096.3","chi",517718,8,"-","CCACCAGC",272
"122","U00096.3","chi",521462,8,"+","GCTGGTGG",256
"123","U00096.3","chi",522545,8,"+","GCTGGTGG",256
"124","U00096.3","chi",530863,8,"-","CCACCAGC",272
"125","U00096.3","chi",533240,8,"+","GCTGGTGG",256
"126","U00096.3","chi",540863,8,"-","CCACCAGC",272
"127","U00096.3","chi",541548,8,"+","GCTGGTGG",256
"128","U00096.3","chi",546333,8,"+","GCTGGTGG",256
"129","U00096.3","chi",548689,8,"+","GCTGGTGG",256
"130","U00096.3","chi",557517,8,"+","GCTGGTGG",256
"131","U00096.3","chi",557618,8,"-","CCACCAGC",272
"132","U00096.3","chi",592762,8,"+","GCTGGTGG",256
"133","U00096.3","chi",599802,8,"+","GCTGGTGG",256
"134","U00096.3","chi",600333,8,"+","GCTGGTGG",256
"135","U00096.3","chi",601434,8,"+","GCTGGTGG",256
"136","U00096.3","chi",602294,8,"+","GCTGGTGG",256
"137","U00096.3","chi",603017,8,"+","GCTGGTGG",256
"138","U00096.3","chi",603074,8,"+","GCTGGTGG",256
"139","U00096.3","chi",611517,8,"+","GCTGGTGG",256
"140","U00096.3","chi",612765,8,"+","GCTGGTGG",256
"141","U00096.3","chi",615533,8,"+","GCTGGTGG",256
"142","U00096.3","chi",619893,8,"-","CCACCAGC",272
"143","U00096.3","chi",620711,8,"-","CCACCAGC",272
"144","U00096.3","chi",620870,8,"-","CCACCAGC",272
"145","U00096.3","chi",621367,8,"-","CCACCAGC",272
"146","U00096.3","chi",621799,8,"-","CCACCAGC",272
"147","U00096.3","chi",622971,8,"+","GCTGGTGG",256
"148","U00096.3","chi",623490,8,"+","GCTGGTGG",256
"149","U00096.3","chi",624352,8,"+","GCTGGTGG",256
"150","U00096.3","chi",629340,8,"-","CCACCAGC",272
"151","U00096.3","chi",630196,8,"+","GCTGGTGG",256
"152","U00096.3","chi",630382,8,"+","GCTGGTGG",256
"153","U00096.3","chi",630670,8,"+","GCTGGTGG",256
"154","U00096.3","chi",632759,8,"-","CCACCAGC",272
"155","U00096.3","chi",633015,8,"-","CCACCAGC",272
"156","U00096.3","chi",634551,8,"+","GCTGGTGG",256
"157","U00096.3","chi",658314,8,"+","GCTGGTGG",256
"158","U00096.3","chi",665851,8,"-","CCACCAGC",272
"159","U00096.3","chi",666052,8,"-","CCACCAGC",272
"160","U00096.3","chi",667144,8,"-","CCACCAGC",272
"161","U00096.3","chi",679772,8,"+","GCTGGTGG",256
"162","U00096.3","chi",690293,8,"-","CCACCAGC",272
"163","U00096.3","chi",694239,8,"+","GCTGGTGG",256
"164","U00096.3","chi",695952,8,"+","GCTGGTGG",256
"165","U00096.3","chi",702443,8,"+","GCTGGTGG",256
"166","U00096.3","chi",709130,8,"-","CCACCAGC",272
"167","U00096.3","chi",719273,8,"+","GCTGGTGG",256
"168","U00096.3","chi",722578,8,"-","CCACCAGC",272
"169","U00096.3","chi",722810,8,"+","GCTGGTGG",256
"170","U00096.3","chi",723362,8,"-","CCACCAGC",272
"171","U00096.3","chi",723874,8,"-","CCACCAGC",272
"172","U00096.3","chi",725740,8,"-","CCACCAGC",272
"173","U00096.3","chi",726164,8,"+","GCTGGTGG",256
"174","U00096.3","chi",730215,8,"+","GCTGGTGG",256
"175","U00096.3","chi",732015,8,"+","GCTGGTGG",256
"176","U00096.3","chi",741893,8,"-","CCACCAGC",272
"177","U00096.3","chi",743810,8,"+","GCTGGTGG",256
"178","U00096.3","chi",746882,8,"+","GCTGGTGG",256
"179","U00096.3","chi",749591,8,"+","GCTGGTGG",256
"180","U00096.3","chi",763164,8,"+","GCTGGTGG",256
"181","U00096.3","chi",771850,8,"+","GCTGGTGG",256
"182","U00096.3","chi",790432,8,"-","CCACCAGC",272
"183","U00096.3","chi",796886,8,"+","GCTGGTGG",256
"184","U00096.3","chi",802452,8,"-","CCACCAGC",272
"185","U00096.3","chi",807724,8,"-","CCACCAGC",272
"186","U00096.3","chi",810479,8,"+","GCTGGTGG",256
"187","U00096.3","chi",815073,8,"+","GCTGGTGG",256
"188","U00096.3","chi",822324,8,"-","CCACCAGC",272
"189","U00096.3","chi",822414,8,"-","CCACCAGC",272
"190","U00096.3","chi",823209,8,"-","CCACCAGC",272
"191","U00096.3","chi",824710,8,"+","GCTGGTGG",256
"192","U00096.3","chi",825304,8,"-","CCACCAGC",272
"193","U00096.3","chi",825628,8,"-","CCACCAGC",272
"194","U00096.3","chi",826199,8,"-","CCACCAGC",272
"195","U00096.3","chi",826643,8,"-","CCACCAGC",272
"196","U00096.3","chi",831189,8,"+","GCTGGTGG",256
"197","U00096.3","chi",831255,8,"+","GCTGGTGG",256
"198","U00096.3","chi",833303,8,"+","GCTGGTGG",256
"199","U00096.3","chi",834830,8,"+","GCTGGTGG",256
"200","U00096.3","chi",836895,8,"-","CCACCAGC",272
"201","U00096.3","chi",840470,8,"+","GCTGGTGG",256
"202","U00096.3","chi",852384,8,"-","CCACCAGC",272
"203","U00096.3","chi",857054,8,"+","GCTGGTGG",256
"204","U00096.3","chi",860989,8,"-","CCACCAGC",272
"205","U00096.3","chi",861173,8,"+","GCTGGTGG",256
"206","U00096.3","chi",861838,8,"+","GCTGGTGG",256
"207","U00096.3","chi",861964,8,"-","CCACCAGC",272
"208","U00096.3","chi",868581,8,"+","GCTGGTGG",256
"209","U00096.3","chi",870847,8,"+","GCTGGTGG",256
"210","U00096.3","chi",872281,8,"+","GCTGGTGG",256
"211","U00096.3","chi",873872,8,"+","GCTGGTGG",256
"212","U00096.3","chi",884146,8,"+","GCTGGTGG",256
"213","U00096.3","chi",892377,8,"+","GCTGGTGG",256
"214","U00096.3","chi",893250,8,"+","GCTGGTGG",256
"215","U00096.3","chi",896772,8,"+","GCTGGTGG",256
"216","U00096.3","chi",906724,8,"+","GCTGGTGG",256
"217","U00096.3","chi",909629,8,"-","CCACCAGC",272
"218","U00096.3","chi",911646,8,"-","CCACCAGC",272
"219","U00096.3","chi",912552,8,"+","GCTGGTGG",256
"220","U00096.3","chi",917618,8,"+","GCTGGTGG",256
"221","U00096.3","chi",920525,8,"-","CCACCAGC",272
"222","U00096.3","chi",921924,8,"+","GCTGGTGG",256
"223","U00096.3","chi",921942,8,"+","GCTGGTGG",256
"224","U00096.3","chi",923750,8,"+","GCTGGTGG",256
"225","U00096.3","chi",923896,8,"+","GCTGGTGG",256
"226","U00096.3","chi",925435,8,"+","GCTGGTGG",256
"227","U00096.3","chi",928769,8,"-","CCACCAGC",272
"228","U00096.3","chi",929239,8,"-","CCACCAGC",272
"229","U00096.3","chi",938843,8,"+","GCTGGTGG",256
"230","U00096.3","chi",947339,8,"+","GCTGGTGG",256
"231","U00096.3","chi",955206,8,"-","CCACCAGC",272
"232","U00096.3","chi",959987,8,"+","GCTGGTGG",256
"233","U00096.3","chi",966824,8,"+","GCTGGTGG",256
"234","U00096.3","chi",967231,8,"-","CCACCAGC",272
"235","U00096.3","chi",968566,8,"+","GCTGGTGG",256
"236","U00096.3","chi",968883,8,"+","GCTGGTGG",256
"237","U00096.3","chi",969846,8,"+","GCTGGTGG",256
"238","U00096.3","chi",974471,8,"+","GCTGGTGG",256
"239","U00096.3","chi",976528,8,"-","CCACCAGC",272
"240","U00096.3","chi",976613,8,"-","CCACCAGC",272
"241","U00096.3","chi",977765,8,"+","GCTGGTGG",256
"242","U00096.3","chi",984847,8,"+","GCTGGTGG",256
"243","U00096.3","chi",991185,8,"+","GCTGGTGG",256
"244","U00096.3","chi",992882,8,"-","CCACCAGC",272
"245","U00096.3","chi",995070,8,"-","CCACCAGC",272
"246","U00096.3","chi",999281,8,"+","GCTGGTGG",256
"247","U00096.3","chi",1002734,8,"+","GCTGGTGG",256
"248","U00096.3","chi",1004000,8,"+","GCTGGTGG",256
"249","U00096.3","chi",1012054,8,"+","GCTGGTGG",256
"250","U00096.3","chi",1024082,8,"-","CCACCAGC",272
"251","U00096.3","chi",1025145,8,"+","GCTGGTGG",256
"252","U00096.3","chi",1026964,8,"-","CCACCAGC",272
"253","U00096.3","chi",1027524,8,"-","CCACCAGC",272
"254","U00096.3","chi",1027996,8,"+","GCTGGTGG",256
"255","U00096.3","chi",1029387,8,"-","CCACCAGC",272
"256","U00096.3","chi",1031247,8,"-","CCACCAGC",272
"257","U00096.3","chi",1035364,8,"+","GCTGGTGG",256
"258","U00096.3","chi",1038132,8,"+","GCTGGTGG",256
"259","U00096.3","chi",1039406,8,"+","GCTGGTGG",256
"260","U00096.3","chi",1039494,8,"+","GCTGGTGG",256
"261","U00096.3","chi",1054235,8,"+","GCTGGTGG",256
"262","U00096.3","chi",1061688,8,"+","GCTGGTGG",256
"263","U00096.3","chi",1066193,8,"+","GCTGGTGG",256
"264","U00096.3","chi",1069281,8,"-","CCACCAGC",272
"265","U00096.3","chi",1071486,8,"-","CCACCAGC",272
"266","U00096.3","chi",1071805,8,"-","CCACCAGC",272
"267","U00096.3","chi",1079577,8,"+","GCTGGTGG",256
"268","U00096.3","chi",1080441,8,"+","GCTGGTGG",256
"269","U00096.3","chi",1080453,8,"+","GCTGGTGG",256
"270","U00096.3","chi",1082128,8,"+","GCTGGTGG",256
"271","U00096.3","chi",1083594,8,"+","GCTGGTGG",256
"272","U00096.3","chi",1097817,8,"+","GCTGGTGG",256
"273","U00096.3","chi",1110381,8,"+","GCTGGTGG",256
"274","U00096.3","chi",1118144,8,"+","GCTGGTGG",256
"275","U00096.3","chi",1118240,8,"+","GCTGGTGG",256
"276","U00096.3","chi",1124954,8,"-","CCACCAGC",272
"277","U00096.3","chi",1127120,8,"+","GCTGGTGG",256
"278","U00096.3","chi",1128273,8,"+","GCTGGTGG",256
"279","U00096.3","chi",1130015,8,"+","GCTGGTGG",256
"280","U00096.3","chi",1131903,8,"-","CCACCAGC",272
"281","U00096.3","chi",1131967,8,"+","GCTGGTGG",256
"282","U00096.3","chi",1135119,8,"+","GCTGGTGG",256
"283","U00096.3","chi",1143299,8,"+","GCTGGTGG",256
"284","U00096.3","chi",1154144,8,"+","GCTGGTGG",256
"285","U00096.3","chi",1156164,8,"-","CCACCAGC",272
"286","U00096.3","chi",1159514,8,"-","CCACCAGC",272
"287","U00096.3","chi",1162291,8,"+","GCTGGTGG",256
"288","U00096.3","chi",1164166,8,"+","GCTGGTGG",256
"289","U00096.3","chi",1166127,8,"+","GCTGGTGG",256
"290","U00096.3","chi",1166969,8,"+","GCTGGTGG",256
"291","U00096.3","chi",1167338,8,"+","GCTGGTGG",256
"292","U00096.3","chi",1174362,8,"+","GCTGGTGG",256
"293","U00096.3","chi",1176533,8,"+","GCTGGTGG",256
"294","U00096.3","chi",1177625,8,"+","GCTGGTGG",256
"295","U00096.3","chi",1193919,8,"-","CCACCAGC",272
"296","U00096.3","chi",1194454,8,"+","GCTGGTGG",256
"297","U00096.3","chi",1203466,8,"+","GCTGGTGG",256
"298","U00096.3","chi",1205677,8,"+","GCTGGTGG",256
"299","U00096.3","chi",1206033,8,"+","GCTGGTGG",256
"300","U00096.3","chi",1209909,8,"+","GCTGGTGG",256
"301","U00096.3","chi",1213838,8,"+","GCTGGTGG",256
"302","U00096.3","chi",1232550,8,"-","CCACCAGC",272
"303","U00096.3","chi",1233847,8,"+","GCTGGTGG",256
"304","U00096.3","chi",1243602,8,"+","GCTGGTGG",256
"305","U00096.3","chi",1245891,8,"-","CCACCAGC",272
"306","U00096.3","chi",1246384,8,"+","GCTGGTGG",256
"307","U00096.3","chi",1252475,8,"+","GCTGGTGG",256
"308","U00096.3","chi",1259293,8,"-","CCACCAGC",272
"309","U00096.3","chi",1264298,8,"+","GCTGGTGG",256
"310","U00096.3","chi",1269183,8,"-","CCACCAGC",272
"311","U00096.3","chi",1269718,8,"-","CCACCAGC",272
"312","U00096.3","chi",1270253,8,"-","CCACCAGC",272
"313","U00096.3","chi",1274296,8,"+","GCTGGTGG",256
"314","U00096.3","chi",1278514,8,"+","GCTGGTGG",256
"315","U00096.3","chi",1286125,8,"+","GCTGGTGG",256
"316","U00096.3","chi",1289376,8,"+","GCTGGTGG",256
"317","U00096.3","chi",1291300,8,"+","GCTGGTGG",256
"318","U00096.3","chi",1313222,8,"-","CCACCAGC",272
"319","U00096.3","chi",1314143,8,"+","GCTGGTGG",256
"320","U00096.3","chi",1320724,8,"+","GCTGGTGG",256
"321","U00096.3","chi",1321527,8,"-","CCACCAGC",272
"322","U00096.3","chi",1321993,8,"+","GCTGGTGG",256
"323","U00096.3","chi",1330347,8,"+","GCTGGTGG",256
"324","U00096.3","chi",1330732,8,"+","GCTGGTGG",256
"325","U00096.3","chi",1337489,8,"+","GCTGGTGG",256
"326","U00096.3","chi",1339992,8,"+","GCTGGTGG",256
"327","U00096.3","chi",1363948,8,"+","GCTGGTGG",256
"328","U00096.3","chi",1368405,8,"+","GCTGGTGG",256
"329","U00096.3","chi",1373464,8,"+","GCTGGTGG",256
"330","U00096.3","chi",1373713,8,"+","GCTGGTGG",256
"331","U00096.3","chi",1374461,8,"+","GCTGGTGG",256
"332","U00096.3","chi",1384968,8,"+","GCTGGTGG",256
"333","U00096.3","chi",1385264,8,"-","CCACCAGC",272
"334","U00096.3","chi",1388361,8,"-","CCACCAGC",272
"335","U00096.3","chi",1398148,8,"-","CCACCAGC",272
"336","U00096.3","chi",1408487,8,"+","GCTGGTGG",256
"337","U00096.3","chi",1410443,8,"+","GCTGGTGG",256
"338","U00096.3","chi",1411729,8,"-","CCACCAGC",272
"339","U00096.3","chi",1424507,8,"+","GCTGGTGG",256
"340","U00096.3","chi",1448682,8,"+","GCTGGTGG",256
"341","U00096.3","chi",1451626,8,"-","CCACCAGC",272
"342","U00096.3","chi",1454295,8,"+","GCTGGTGG",256
"343","U00096.3","chi",1463303,8,"-","CCACCAGC",272
"344","U00096.3","chi",1472688,8,"+","GCTGGTGG",256
"345","U00096.3","chi",1482060,8,"+","GCTGGTGG",256
"346","U00096.3","chi",1485319,8,"+","GCTGGTGG",256
"347","U00096.3","chi",1485504,8,"+","GCTGGTGG",256
"348","U00096.3","chi",1486189,8,"+","GCTGGTGG",256
"349","U00096.3","chi",1494270,8,"-","CCACCAGC",272
"350","U00096.3","chi",1500845,8,"+","GCTGGTGG",256
"351","U00096.3","chi",1501196,8,"+","GCTGGTGG",256
"352","U00096.3","chi",1511027,8,"-","CCACCAGC",272
"353","U00096.3","chi",1511052,8,"+","GCTGGTGG",256
"354","U00096.3","chi",1516462,8,"+","GCTGGTGG",256
"355","U00096.3","chi",1518116,8,"-","CCACCAGC",272
"356","U00096.3","chi",1526714,8,"+","GCTGGTGG",256
"357","U00096.3","chi",1536134,8,"-","CCACCAGC",272
"358","U00096.3","chi",1546705,8,"+","GCTGGTGG",256
"359","U00096.3","chi",1548587,8,"-","CCACCAGC",272
"360","U00096.3","chi",1561411,8,"+","GCTGGTGG",256
"361","U00096.3","chi",1563744,8,"+","GCTGGTGG",256
"362","U00096.3","chi",1568578,8,"+","GCTGGTGG",256
"363","U00096.3","chi",1568684,8,"+","GCTGGTGG",256
"364","U00096.3","chi",1568702,8,"+","GCTGGTGG",256
"365","U00096.3","chi",1602377,8,"+","GCTGGTGG",256
"366","U00096.3","chi",1610044,8,"-","CCACCAGC",272
"367","U00096.3","chi",1611200,8,"-","CCACCAGC",272
"368","U00096.3","chi",1612885,8,"-","CCACCAGC",272
"369","U00096.3","chi",1614358,8,"-","CCACCAGC",272
"370","U00096.3","chi",1618353,8,"-","CCACCAGC",272
"371","U00096.3","chi",1618869,8,"-","CCACCAGC",272
"372","U00096.3","chi",1621711,8,"-","CCACCAGC",272
"373","U00096.3","chi",1625634,8,"-","CCACCAGC",272
"374","U00096.3","chi",1630451,8,"+","GCTGGTGG",256
"375","U00096.3","chi",1639632,8,"-","CCACCAGC",272
"376","U00096.3","chi",1643614,8,"+","GCTGGTGG",256
"377","U00096.3","chi",1643666,8,"+","GCTGGTGG",256
"378","U00096.3","chi",1644199,8,"-","CCACCAGC",272
"379","U00096.3","chi",1644256,8,"-","CCACCAGC",272
"380","U00096.3","chi",1656402,8,"+","GCTGGTGG",256
"381","U00096.3","chi",1657803,8,"-","CCACCAGC",272
"382","U00096.3","chi",1663911,8,"+","GCTGGTGG",256
"383","U00096.3","chi",1668327,8,"-","CCACCAGC",272
"384","U00096.3","chi",1680927,8,"+","GCTGGTGG",256
"385","U00096.3","chi",1691230,8,"-","CCACCAGC",272
"386","U00096.3","chi",1696737,8,"-","CCACCAGC",272
"387","U00096.3","chi",1710521,8,"+","GCTGGTGG",256
"388","U00096.3","chi",1715253,8,"-","CCACCAGC",272
"389","U00096.3","chi",1722855,8,"-","CCACCAGC",272
"390","U00096.3","chi",1733448,8,"+","GCTGGTGG",256
"391","U00096.3","chi",1736254,8,"-","CCACCAGC",272
"392","U00096.3","chi",1740321,8,"+","GCTGGTGG",256
"393","U00096.3","chi",1741001,8,"-","CCACCAGC",272
"394","U00096.3","chi",1741606,8,"+","GCTGGTGG",256
"395","U00096.3","chi",1745336,8,"+","GCTGGTGG",256
"396","U00096.3","chi",1745547,8,"-","CCACCAGC",272
"397","U00096.3","chi",1751547,8,"-","CCACCAGC",272
"398","U00096.3","chi",1759926,8,"-","CCACCAGC",272
"399","U00096.3","chi",1764290,8,"-","CCACCAGC",272
"400","U00096.3","chi",1771660,8,"-","CCACCAGC",272
"401","U00096.3","chi",1775976,8,"-","CCACCAGC",272
"402","U00096.3","chi",1794444,8,"-","CCACCAGC",272
"403","U00096.3","chi",1811032,8,"+","GCTGGTGG",256
"404","U00096.3","chi",1813791,8,"+","GCTGGTGG",256
"405","U00096.3","chi",1818383,8,"-","CCACCAGC",272
"406","U00096.3","chi",1829940,8,"-","CCACCAGC",272
"407","U00096.3","chi",1835609,8,"+","GCTGGTGG",256
"408","U00096.3","chi",1837522,8,"-","CCACCAGC",272
"409","U00096.3","chi",1838177,8,"+","GCTGGTGG",256
"410","U00096.3","chi",1843490,8,"+","GCTGGTGG",256
"411","U00096.3","chi",1845172,8,"-","CCACCAGC",272
"412","U00096.3","chi",1846342,8,"-","CCACCAGC",272
"413","U00096.3","chi",1846624,8,"-","CCACCAGC",272
"414","U00096.3","chi",1851935,8,"+","GCTGGTGG",256
"415","U00096.3","chi",1858380,8,"-","CCACCAGC",272
"416","U00096.3","chi",1859998,8,"-","CCACCAGC",272
"417","U00096.3","chi",1862758,8,"+","GCTGGTGG",256
"418","U00096.3","chi",1864545,8,"-","CCACCAGC",272
"419","U00096.3","chi",1881761,8,"-","CCACCAGC",272
"420","U00096.3","chi",1885146,8,"-","CCACCAGC",272
"421","U00096.3","chi",1885919,8,"+","GCTGGTGG",256
"422","U00096.3","chi",1887154,8,"-","CCACCAGC",272
"423","U00096.3","chi",1888156,8,"-","CCACCAGC",272
"424","U00096.3","chi",1888987,8,"-","CCACCAGC",272
"425","U00096.3","chi",1891121,8,"+","GCTGGTGG",256
"426","U00096.3","chi",1892548,8,"+","GCTGGTGG",256
"427","U00096.3","chi",1893109,8,"-","CCACCAGC",272
"428","U00096.3","chi",1894620,8,"-","CCACCAGC",272
"429","U00096.3","chi",1895242,8,"-","CCACCAGC",272
"430","U00096.3","chi",1900520,8,"-","CCACCAGC",272
"431","U00096.3","chi",1906028,8,"-","CCACCAGC",272
"432","U00096.3","chi",1911517,8,"+","GCTGGTGG",256
"433","U00096.3","chi",1913487,8,"-","CCACCAGC",272
"434","U00096.3","chi",1915789,8,"-","CCACCAGC",272
"435","U00096.3","chi",1927852,8,"-","CCACCAGC",272
"436","U00096.3","chi",1932638,8,"-","CCACCAGC",272
"437","U00096.3","chi",1945472,8,"-","CCACCAGC",272
"438","U00096.3","chi",1950861,8,"+","GCTGGTGG",256
"439","U00096.3","chi",1956947,8,"-","CCACCAGC",272
"440","U00096.3","chi",1964867,8,"-","CCACCAGC",272
"441","U00096.3","chi",1965122,8,"-","CCACCAGC",272
"442","U00096.3","chi",1965603,8,"-","CCACCAGC",272
"443","U00096.3","chi",1965885,8,"-","CCACCAGC",272
"444","U00096.3","chi",1966071,8,"-","CCACCAGC",272
"445","U00096.3","chi",1969926,8,"+","GCTGGTGG",256
"446","U00096.3","chi",1972070,8,"-","CCACCAGC",272
"447","U00096.3","chi",1972091,8,"-","CCACCAGC",272
"448","U00096.3","chi",1973536,8,"-","CCACCAGC",272
"449","U00096.3","chi",1974256,8,"-","CCACCAGC",272
"450","U00096.3","chi",1974536,8,"+","GCTGGTGG",256
"451","U00096.3","chi",1983453,8,"-","CCACCAGC",272
"452","U00096.3","chi",1990808,8,"+","GCTGGTGG",256
"453","U00096.3","chi",1992548,8,"-","CCACCAGC",272
"454","U00096.3","chi",1994624,8,"-","CCACCAGC",272
"455","U00096.3","chi",1997274,8,"-","CCACCAGC",272
"456","U00096.3","chi",2000581,8,"+","GCTGGTGG",256
"457","U00096.3","chi",2002420,8,"-","CCACCAGC",272
"458","U00096.3","chi",2004086,8,"-","CCACCAGC",272
"459","U00096.3","chi",2004095,8,"-","CCACCAGC",272
"460","U00096.3","chi",2004236,8,"-","CCACCAGC",272
"461","U00096.3","chi",2012735,8,"-","CCACCAGC",272
"462","U00096.3","chi",2013852,8,"+","GCTGGTGG",256
"463","U00096.3","chi",2014250,8,"-","CCACCAGC",272
"464","U00096.3","chi",2014611,8,"+","GCTGGTGG",256
"465","U00096.3","chi",2018535,8,"+","GCTGGTGG",256
"466","U00096.3","chi",2020428,8,"+","GCTGGTGG",256
"467","U00096.3","chi",2030263,8,"-","CCACCAGC",272
"468","U00096.3","chi",2031471,8,"-","CCACCAGC",272
"469","U00096.3","chi",2034782,8,"+","GCTGGTGG",256
"470","U00096.3","chi",2051061,8,"+","GCTGGTGG",256
"471","U00096.3","chi",2051090,8,"+","GCTGGTGG",256
"472","U00096.3","chi",2065248,8,"-","CCACCAGC",272
"473","U00096.3","chi",2085958,8,"-","CCACCAGC",272
"474","U00096.3","chi",2086648,8,"-","CCACCAGC",272
"475","U00096.3","chi",2087404,8,"-","CCACCAGC",272
"476","U00096.3","chi",2118742,8,"-","CCACCAGC",272
"477","U00096.3","chi",2118868,8,"-","CCACCAGC",272
"478","U00096.3","chi",2121383,8,"-","CCACCAGC",272
"479","U00096.3","chi",2124642,8,"-","CCACCAGC",272
"480","U00096.3","chi",2130503,8,"-","CCACCAGC",272
"481","U00096.3","chi",2131998,8,"+","GCTGGTGG",256
"482","U00096.3","chi",2132102,8,"-","CCACCAGC",272
"483","U00096.3","chi",2135554,8,"-","CCACCAGC",272
"484","U00096.3","chi",2138720,8,"+","GCTGGTGG",256
"485","U00096.3","chi",2138906,8,"+","GCTGGTGG",256
"486","U00096.3","chi",2141564,8,"-","CCACCAGC",272
"487","U00096.3","chi",2143519,8,"-","CCACCAGC",272
"488","U00096.3","chi",2148306,8,"+","GCTGGTGG",256
"489","U00096.3","chi",2153099,8,"+","GCTGGTGG",256
"490","U00096.3","chi",2154786,8,"+","GCTGGTGG",256
"491","U00096.3","chi",2155223,8,"-","CCACCAGC",272
"492","U00096.3","chi",2157407,8,"+","GCTGGTGG",256
"493","U00096.3","chi",2161931,8,"+","GCTGGTGG",256
"494","U00096.3","chi",2172096,8,"-","CCACCAGC",272
"495","U00096.3","chi",2173984,8,"-","CCACCAGC",272
"496","U00096.3","chi",2183327,8,"-","CCACCAGC",272
"497","U00096.3","chi",2201326,8,"-","CCACCAGC",272
"498","U00096.3","chi",2205844,8,"-","CCACCAGC",272
"499","U00096.3","chi",2215360,8,"+","GCTGGTGG",256
"500","U00096.3","chi",2216305,8,"-","CCACCAGC",272
"501","U00096.3","chi",2216489,8,"-","CCACCAGC",272
"502","U00096.3","chi",2218398,8,"-","CCACCAGC",272
"503","U00096.3","chi",2218892,8,"-","CCACCAGC",272
"504","U00096.3","chi",2223405,8,"+","GCTGGTGG",256
"505","U00096.3","chi",2225926,8,"+","GCTGGTGG",256
"506","U00096.3","chi",2226230,8,"+","GCTGGTGG",256
"507","U00096.3","chi",2226330,8,"+","GCTGGTGG",256
"508","U00096.3","chi",2229887,8,"-","CCACCAGC",272
"509","U00096.3","chi",2230935,8,"+","GCTGGTGG",256
"510","U00096.3","chi",2242253,8,"-","CCACCAGC",272
"511","U00096.3","chi",2242625,8,"-","CCACCAGC",272
"512","U00096.3","chi",2247925,8,"-","CCACCAGC",272
"513","U00096.3","chi",2248161,8,"-","CCACCAGC",272
"514","U00096.3","chi",2249126,8,"-","CCACCAGC",272
"515","U00096.3","chi",2259781,8,"-","CCACCAGC",272
"516","U00096.3","chi",2261003,8,"-","CCACCAGC",272
"517","U00096.3","chi",2270454,8,"-","CCACCAGC",272
"518","U00096.3","chi",2276416,8,"+","GCTGGTGG",256
"519","U00096.3","chi",2278830,8,"-","CCACCAGC",272
"520","U00096.3","chi",2283593,8,"-","CCACCAGC",272
"521","U00096.3","chi",2293809,8,"-","CCACCAGC",272
"522","U00096.3","chi",2294139,8,"-","CCACCAGC",272
"523","U00096.3","chi",2294185,8,"-","CCACCAGC",272
"524","U00096.3","chi",2295487,8,"-","CCACCAGC",272
"525","U00096.3","chi",2297083,8,"+","GCTGGTGG",256
"526","U00096.3","chi",2299522,8,"-","CCACCAGC",272
"527","U00096.3","chi",2308111,8,"-","CCACCAGC",272
"528","U00096.3","chi",2316603,8,"+","GCTGGTGG",256
"529","U00096.3","chi",2318196,8,"-","CCACCAGC",272
"530","U00096.3","chi",2318544,8,"-","CCACCAGC",272
"531","U00096.3","chi",2326176,8,"-","CCACCAGC",272
"532","U00096.3","chi",2327885,8,"-","CCACCAGC",272
"533","U00096.3","chi",2336506,8,"-","CCACCAGC",272
"534","U00096.3","chi",2337671,8,"-","CCACCAGC",272
"535","U00096.3","chi",2339643,8,"+","GCTGGTGG",256
"536","U00096.3","chi",2341454,8,"-","CCACCAGC",272
"537","U00096.3","chi",2342902,8,"-","CCACCAGC",272
"538","U00096.3","chi",2349619,8,"-","CCACCAGC",272
"539","U00096.3","chi",2357248,8,"+","GCTGGTGG",256
"540","U00096.3","chi",2360487,8,"-","CCACCAGC",272
"541","U00096.3","chi",2362001,8,"-","CCACCAGC",272
"542","U00096.3","chi",2369202,8,"+","GCTGGTGG",256
"543","U00096.3","chi",2371330,8,"+","GCTGGTGG",256
"544","U00096.3","chi",2377097,8,"-","CCACCAGC",272
"545","U00096.3","chi",2377343,8,"-","CCACCAGC",272
"546","U00096.3","chi",2379779,8,"-","CCACCAGC",272
"547","U00096.3","chi",2390272,8,"-","CCACCAGC",272
"548","U00096.3","chi",2391625,8,"-","CCACCAGC",272
"549","U00096.3","chi",2395581,8,"-","CCACCAGC",272
"550","U00096.3","chi",2397370,8,"-","CCACCAGC",272
"551","U00096.3","chi",2401216,8,"-","CCACCAGC",272
"552","U00096.3","chi",2410893,8,"-","CCACCAGC",272
"553","U00096.3","chi",2412044,8,"-","CCACCAGC",272
"554","U00096.3","chi",2415604,8,"+","GCTGGTGG",256
"555","U00096.3","chi",2418154,8,"+","GCTGGTGG",256
"556","U00096.3","chi",2431636,8,"-","CCACCAGC",272
"557","U00096.3","chi",2433599,8,"-","CCACCAGC",272
"558","U00096.3","chi",2436322,8,"-","CCACCAGC",272
"559","U00096.3","chi",2444909,8,"-","CCACCAGC",272
"560","U00096.3","chi",2446074,8,"-","CCACCAGC",272
"561","U00096.3","chi",2450452,8,"-","CCACCAGC",272
"562","U00096.3","chi",2457788,8,"-","CCACCAGC",272
"563","U00096.3","chi",2458604,8,"-","CCACCAGC",272
"564","U00096.3","chi",2472357,8,"-","CCACCAGC",272
"565","U00096.3","chi",2475679,8,"-","CCACCAGC",272
"566","U00096.3","chi",2497674,8,"-","CCACCAGC",272
"567","U00096.3","chi",2497839,8,"-","CCACCAGC",272
"568","U00096.3","chi",2504968,8,"-","CCACCAGC",272
"569","U00096.3","chi",2510709,8,"+","GCTGGTGG",256
"570","U00096.3","chi",2541918,8,"-","CCACCAGC",272
"571","U00096.3","chi",2545162,8,"-","CCACCAGC",272
"572","U00096.3","chi",2549105,8,"-","CCACCAGC",272
"573","U00096.3","chi",2553068,8,"+","GCTGGTGG",256
"574","U00096.3","chi",2553532,8,"-","CCACCAGC",272
"575","U00096.3","chi",2555593,8,"-","CCACCAGC",272
"576","U00096.3","chi",2556619,8,"-","CCACCAGC",272
"577","U00096.3","chi",2565435,8,"-","CCACCAGC",272
"578","U00096.3","chi",2565663,8,"-","CCACCAGC",272
"579","U00096.3","chi",2566068,8,"+","GCTGGTGG",256
"580","U00096.3","chi",2567590,8,"-","CCACCAGC",272
"581","U00096.3","chi",2571112,8,"-","CCACCAGC",272
"582","U00096.3","chi",2572551,8,"-","CCACCAGC",272
"583","U00096.3","chi",2572806,8,"-","CCACCAGC",272
"584","U00096.3","chi",2576352,8,"-","CCACCAGC",272
"585","U00096.3","chi",2583655,8,"-","CCACCAGC",272
"586","U00096.3","chi",2586174,8,"+","GCTGGTGG",256
"587","U00096.3","chi",2588806,8,"+","GCTGGTGG",256
"588","U00096.3","chi",2590231,8,"+","GCTGGTGG",256
"589","U00096.3","chi",2593626,8,"-","CCACCAGC",272
"590","U00096.3","chi",2594623,8,"-","CCACCAGC",272
"591","U00096.3","chi",2595079,8,"-","CCACCAGC",272
"592","U00096.3","chi",2598541,8,"-","CCACCAGC",272
"593","U00096.3","chi",2598609,8,"+","GCTGGTGG",256
"594","U00096.3","chi",2601934,8,"+","GCTGGTGG",256
"595","U00096.3","chi",2602087,8,"+","GCTGGTGG",256
"596","U00096.3","chi",2610685,8,"+","GCTGGTGG",256
"597","U00096.3","chi",2612892,8,"-","CCACCAGC",272
"598","U00096.3","chi",2615749,8,"-","CCACCAGC",272
"599","U00096.3","chi",2619587,8,"-","CCACCAGC",272
"600","U00096.3","chi",2633515,8,"-","CCACCAGC",272
"601","U00096.3","chi",2640029,8,"-","CCACCAGC",272
"602","U00096.3","chi",2640120,8,"-","CCACCAGC",272
"603","U00096.3","chi",2641552,8,"-","CCACCAGC",272
"604","U00096.3","chi",2645145,8,"-","CCACCAGC",272
"605","U00096.3","chi",2649800,8,"-","CCACCAGC",272
"606","U00096.3","chi",2658836,8,"-","CCACCAGC",272
"607","U00096.3","chi",2663293,8,"-","CCACCAGC",272
"608","U00096.3","chi",2666754,8,"-","CCACCAGC",272
"609","U00096.3","chi",2672631,8,"-","CCACCAGC",272
"610","U00096.3","chi",2675221,8,"-","CCACCAGC",272
"611","U00096.3","chi",2676732,8,"-","CCACCAGC",272
"612","U00096.3","chi",2677887,8,"-","CCACCAGC",272
"613","U00096.3","chi",2682433,8,"-","CCACCAGC",272
"614","U00096.3","chi",2687672,8,"-","CCACCAGC",272
"615","U00096.3","chi",2688344,8,"-","CCACCAGC",272
"616","U00096.3","chi",2689820,8,"+","GCTGGTGG",256
"617","U00096.3","chi",2690105,8,"-","CCACCAGC",272
"618","U00096.3","chi",2691889,8,"-","CCACCAGC",272
"619","U00096.3","chi",2700863,8,"+","GCTGGTGG",256
"620","U00096.3","chi",2706821,8,"-","CCACCAGC",272
"621","U00096.3","chi",2707540,8,"-","CCACCAGC",272
"622","U00096.3","chi",2710277,8,"-","CCACCAGC",272
"623","U00096.3","chi",2713945,8,"+","GCTGGTGG",256
"624","U00096.3","chi",2714819,8,"-","CCACCAGC",272
"625","U00096.3","chi",2715694,8,"-","CCACCAGC",272
"626","U00096.3","chi",2718537,8,"-","CCACCAGC",272
"627","U00096.3","chi",2733435,8,"-","CCACCAGC",272
"628","U00096.3","chi",2735267,8,"-","CCACCAGC",272
"629","U00096.3","chi",2739508,8,"-","CCACCAGC",272
"630","U00096.3","chi",2747228,8,"-","CCACCAGC",272
"631","U00096.3","chi",2747393,8,"-","CCACCAGC",272
"632","U00096.3","chi",2752468,8,"-","CCACCAGC",272
"633","U00096.3","chi",2766345,8,"-","CCACCAGC",272
"634","U00096.3","chi",2768188,8,"-","CCACCAGC",272
"635","U00096.3","chi",2769249,8,"-","CCACCAGC",272
"636","U00096.3","chi",2770182,8,"-","CCACCAGC",272
"637","U00096.3","chi",2807635,8,"-","CCACCAGC",272
"638","U00096.3","chi",2808070,8,"-","CCACCAGC",272
"639","U00096.3","chi",2811771,8,"-","CCACCAGC",272
"640","U00096.3","chi",2816850,8,"-","CCACCAGC",272
"641","U00096.3","chi",2822044,8,"-","CCACCAGC",272
"642","U00096.3","chi",2830505,8,"+","GCTGGTGG",256
"643","U00096.3","chi",2831617,8,"-","CCACCAGC",272
"644","U00096.3","chi",2833450,8,"+","GCTGGTGG",256
"645","U00096.3","chi",2836434,8,"+","GCTGGTGG",256
"646","U00096.3","chi",2836591,8,"-","CCACCAGC",272
"647","U00096.3","chi",2838683,8,"+","GCTGGTGG",256
"648","U00096.3","chi",2841445,8,"+","GCTGGTGG",256
"649","U00096.3","chi",2845391,8,"-","CCACCAGC",272
"650","U00096.3","chi",2846722,8,"-","CCACCAGC",272
"651","U00096.3","chi",2848401,8,"-","CCACCAGC",272
"652","U00096.3","chi",2851812,8,"-","CCACCAGC",272
"653","U00096.3","chi",2852798,8,"+","GCTGGTGG",256
"654","U00096.3","chi",2861636,8,"+","GCTGGTGG",256
"655","U00096.3","chi",2866090,8,"+","GCTGGTGG",256
"656","U00096.3","chi",2875173,8,"-","CCACCAGC",272
"657","U00096.3","chi",2887094,8,"-","CCACCAGC",272
"658","U00096.3","chi",2889358,8,"-","CCACCAGC",272
"659","U00096.3","chi",2890863,8,"-","CCACCAGC",272
"660","U00096.3","chi",2891184,8,"-","CCACCAGC",272
"661","U00096.3","chi",2893535,8,"+","GCTGGTGG",256
"662","U00096.3","chi",2895260,8,"-","CCACCAGC",272
"663","U00096.3","chi",2896580,8,"-","CCACCAGC",272
"664","U00096.3","chi",2901353,8,"+","GCTGGTGG",256
"665","U00096.3","chi",2911647,8,"-","CCACCAGC",272
"666","U00096.3","chi",2914037,8,"-","CCACCAGC",272
"667","U00096.3","chi",2919093,8,"-","CCACCAGC",272
"668","U00096.3","chi",2919169,8,"-","CCACCAGC",272
"669","U00096.3","chi",2920792,8,"-","CCACCAGC",272
"670","U00096.3","chi",2951660,8,"-","CCACCAGC",272
"671","U00096.3","chi",2955820,8,"-","CCACCAGC",272
"672","U00096.3","chi",2958671,8,"-","CCACCAGC",272
"673","U00096.3","chi",2961909,8,"-","CCACCAGC",272
"674","U00096.3","chi",2963766,8,"-","CCACCAGC",272
"675","U00096.3","chi",2973193,8,"-","CCACCAGC",272
"676","U00096.3","chi",2973535,8,"-","CCACCAGC",272
"677","U00096.3","chi",2976416,8,"-","CCACCAGC",272
"678","U00096.3","chi",3002969,8,"-","CCACCAGC",272
"679","U00096.3","chi",3013426,8,"-","CCACCAGC",272
"680","U00096.3","chi",3019116,8,"-","CCACCAGC",272
"681","U00096.3","chi",3029112,8,"-","CCACCAGC",272
"682","U00096.3","chi",3036570,8,"-","CCACCAGC",272
"683","U00096.3","chi",3039531,8,"+","GCTGGTGG",256
"684","U00096.3","chi",3040676,8,"-","CCACCAGC",272
"685","U00096.3","chi",3042686,8,"-","CCACCAGC",272
"686","U00096.3","chi",3042833,8,"-","CCACCAGC",272
"687","U00096.3","chi",3050031,8,"-","CCACCAGC",272
"688","U00096.3","chi",3051456,8,"-","CCACCAGC",272
"689","U00096.3","chi",3052666,8,"-","CCACCAGC",272
"690","U00096.3","chi",3055217,8,"+","GCTGGTGG",256
"691","U00096.3","chi",3063067,8,"+","GCTGGTGG",256
"692","U00096.3","chi",3082544,8,"-","CCACCAGC",272
"693","U00096.3","chi",3086878,8,"-","CCACCAGC",272
"694","U00096.3","chi",3090836,8,"-","CCACCAGC",272
"695","U00096.3","chi",3092510,8,"+","GCTGGTGG",256
"696","U00096.3","chi",3102615,8,"-","CCACCAGC",272
"697","U00096.3","chi",3110901,8,"-","CCACCAGC",272
"698","U00096.3","chi",3114037,8,"-","CCACCAGC",272
"699","U00096.3","chi",3119797,8,"-","CCACCAGC",272
"700","U00096.3","chi",3120838,8,"-","CCACCAGC",272
"701","U00096.3","chi",3123451,8,"-","CCACCAGC",272
"702","U00096.3","chi",3141420,8,"-","CCACCAGC",272
"703","U00096.3","chi",3143159,8,"-","CCACCAGC",272
"704","U00096.3","chi",3149288,8,"-","CCACCAGC",272
"705","U00096.3","chi",3160540,8,"-","CCACCAGC",272
"706","U00096.3","chi",3160591,8,"-","CCACCAGC",272
"707","U00096.3","chi",3162180,8,"-","CCACCAGC",16
"708","U00096.3","chi",3164830,8,"-","CCACCAGC",272
"709","U00096.3","chi",3172735,8,"+","GCTGGTGG",256
"710","U00096.3","chi",3196809,8,"-","CCACCAGC",272
"711","U00096.3","chi",3198042,8,"-","CCACCAGC",272
"712","U00096.3","chi",3200572,8,"-","CCACCAGC",272
"713","U00096.3","chi",3204373,8,"-","CCACCAGC",272
"714","U00096.3","chi",3216089,8,"-","CCACCAGC",272
"715","U00096.3","chi",3217633,8,"-","CCACCAGC",272
"716","U00096.3","chi",3220017,8,"-","CCACCAGC",272
"717","U00096.3","chi",3225407,8,"+","GCTGGTGG",256
"718","U00096.3","chi",3233223,8,"-","CCACCAGC",272
"719","U00096.3","chi",3233285,8,"+","GCTGGTGG",256
"720","U00096.3","chi",3236397,8,"-","CCACCAGC",272
"721","U00096.3","chi",3240159,8,"-","CCACCAGC",272
"722","U00096.3","chi",3240633,8,"+","GCTGGTGG",256
"723","U00096.3","chi",3243596,8,"-","CCACCAGC",272
"724","U00096.3","chi",3245679,8,"+","GCTGGTGG",256
"725","U00096.3","chi",3247409,8,"-","CCACCAGC",272
"726","U00096.3","chi",3251622,8,"-","CCACCAGC",272
"727","U00096.3","chi",3252448,8,"+","GCTGGTGG",256
"728","U00096.3","chi",3255631,8,"-","CCACCAGC",272
"729","U00096.3","chi",3257437,8,"-","CCACCAGC",272
"730","U00096.3","chi",3271173,8,"-","CCACCAGC",272
"731","U00096.3","chi",3272670,8,"-","CCACCAGC",272
"732","U00096.3","chi",3273857,8,"-","CCACCAGC",272
"733","U00096.3","chi",3275697,8,"-","CCACCAGC",272
"734","U00096.3","chi",3282803,8,"+","GCTGGTGG",256
"735","U00096.3","chi",3286479,8,"-","CCACCAGC",272
"736","U00096.3","chi",3289589,8,"-","CCACCAGC",272
"737","U00096.3","chi",3294841,8,"-","CCACCAGC",272
"738","U00096.3","chi",3298807,8,"-","CCACCAGC",272
"739","U00096.3","chi",3300623,8,"-","CCACCAGC",272
"740","U00096.3","chi",3302562,8,"-","CCACCAGC",272
"741","U00096.3","chi",3303870,8,"+","GCTGGTGG",256
"742","U00096.3","chi",3338975,8,"-","CCACCAGC",272
"743","U00096.3","chi",3346952,8,"+","GCTGGTGG",256
"744","U00096.3","chi",3351213,8,"-","CCACCAGC",272
"745","U00096.3","chi",3351432,8,"-","CCACCAGC",272
"746","U00096.3","chi",3355366,8,"-","CCACCAGC",272
"747","U00096.3","chi",3369591,8,"-","CCACCAGC",272
"748","U00096.3","chi",3375822,8,"+","GCTGGTGG",256
"749","U00096.3","chi",3379034,8,"-","CCACCAGC",272
"750","U00096.3","chi",3379861,8,"+","GCTGGTGG",256
"751","U00096.3","chi",3382550,8,"+","GCTGGTGG",256
"752","U00096.3","chi",3391161,8,"-","CCACCAGC",272
"753","U00096.3","chi",3392739,8,"-","CCACCAGC",272
"754","U00096.3","chi",3396637,8,"-","CCACCAGC",272
"755","U00096.3","chi",3398536,8,"-","CCACCAGC",272
"756","U00096.3","chi",3399915,8,"-","CCACCAGC",272
"757","U00096.3","chi",3414579,8,"-","CCACCAGC",272
"758","U00096.3","chi",3415271,8,"-","CCACCAGC",272
"759","U00096.3","chi",3430112,8,"-","CCACCAGC",272
"760","U00096.3","chi",3430453,8,"-","CCACCAGC",272
"761","U00096.3","chi",3430675,8,"-","CCACCAGC",272
"762","U00096.3","chi",3456182,8,"-","CCACCAGC",272
"763","U00096.3","chi",3479161,8,"-","CCACCAGC",272
"764","U00096.3","chi",3479479,8,"-","CCACCAGC",272
"765","U00096.3","chi",3479701,8,"-","CCACCAGC",272
"766","U00096.3","chi",3484548,8,"-","CCACCAGC",272
"767","U00096.3","chi",3489031,8,"-","CCACCAGC",272
"768","U00096.3","chi",3490436,8,"-","CCACCAGC",272
"769","U00096.3","chi",3491923,8,"+","GCTGGTGG",256
"770","U00096.3","chi",3502366,8,"-","CCACCAGC",272
"771","U00096.3","chi",3505954,8,"-","CCACCAGC",272
"772","U00096.3","chi",3506895,8,"-","CCACCAGC",272
"773","U00096.3","chi",3509063,8,"-","CCACCAGC",272
"774","U00096.3","chi",3518186,8,"-","CCACCAGC",272
"775","U00096.3","chi",3520069,8,"-","CCACCAGC",272
"776","U00096.3","chi",3522647,8,"-","CCACCAGC",272
"777","U00096.3","chi",3527604,8,"-","CCACCAGC",272
"778","U00096.3","chi",3540565,8,"+","GCTGGTGG",256
"779","U00096.3","chi",3544094,8,"-","CCACCAGC",272
"780","U00096.3","chi",3544583,8,"-","CCACCAGC",272
"781","U00096.3","chi",3545115,8,"-","CCACCAGC",272
"782","U00096.3","chi",3549554,8,"-","CCACCAGC",272
"783","U00096.3","chi",3563476,8,"+","GCTGGTGG",256
"784","U00096.3","chi",3569610,8,"-","CCACCAGC",272
"785","U00096.3","chi",3571612,8,"-","CCACCAGC",272
"786","U00096.3","chi",3575884,8,"-","CCACCAGC",272
"787","U00096.3","chi",3578538,8,"+","GCTGGTGG",256
"788","U00096.3","chi",3582415,8,"+","GCTGGTGG",256
"789","U00096.3","chi",3585482,8,"-","CCACCAGC",272
"790","U00096.3","chi",3588217,8,"-","CCACCAGC",272
"791","U00096.3","chi",3589505,8,"-","CCACCAGC",272
"792","U00096.3","chi",3590620,8,"-","CCACCAGC",272
"793","U00096.3","chi",3593261,8,"+","GCTGGTGG",256
"794","U00096.3","chi",3593897,8,"-","CCACCAGC",272
"795","U00096.3","chi",3594361,8,"-","CCACCAGC",272
"796","U00096.3","chi",3594664,8,"-","CCACCAGC",272
"797","U00096.3","chi",3598264,8,"+","GCTGGTGG",256
"798","U00096.3","chi",3599031,8,"-","CCACCAGC",272
"799","U00096.3","chi",3605481,8,"-","CCACCAGC",272
"800","U00096.3","chi",3607367,8,"-","CCACCAGC",272
"801","U00096.3","chi",3609629,8,"+","GCTGGTGG",256
"802","U00096.3","chi",3611157,8,"-","CCACCAGC",272
"803","U00096.3","chi",3617946,8,"+","GCTGGTGG",256
"804","U00096.3","chi",3619824,8,"+","GCTGGTGG",256
"805","U00096.3","chi",3621624,8,"+","GCTGGTGG",256
"806","U00096.3","chi",3623711,8,"+","GCTGGTGG",256
"807","U00096.3","chi",3626101,8,"-","CCACCAGC",272
"808","U00096.3","chi",3626110,8,"-","CCACCAGC",272
"809","U00096.3","chi",3637065,8,"-","CCACCAGC",272
"810","U00096.3","chi",3642550,8,"-","CCACCAGC",272
"811","U00096.3","chi",3649636,8,"+","GCTGGTGG",256
"812","U00096.3","chi",3668401,8,"-","CCACCAGC",272
"813","U00096.3","chi",3681407,8,"-","CCACCAGC",272
"814","U00096.3","chi",3684718,8,"-","CCACCAGC",272
"815","U00096.3","chi",3691659,8,"-","CCACCAGC",272
"816","U00096.3","chi",3693415,8,"-","CCACCAGC",272
"817","U00096.3","chi",3695580,8,"+","GCTGGTGG",256
"818","U00096.3","chi",3703197,8,"-","CCACCAGC",272
"819","U00096.3","chi",3704203,8,"-","CCACCAGC",272
"820","U00096.3","chi",3704299,8,"-","CCACCAGC",272
"821","U00096.3","chi",3704851,8,"-","CCACCAGC",272
"822","U00096.3","chi",3710232,8,"-","CCACCAGC",272
"823","U00096.3","chi",3711131,8,"-","CCACCAGC",272
"824","U00096.3","chi",3711677,8,"-","CCACCAGC",272
"825","U00096.3","chi",3715041,8,"-","CCACCAGC",272
"826","U00096.3","chi",3715620,8,"-","CCACCAGC",272
"827","U00096.3","chi",3723632,8,"-","CCACCAGC",272
"828","U00096.3","chi",3734210,8,"-","CCACCAGC",272
"829","U00096.3","chi",3737990,8,"-","CCACCAGC",272
"830","U00096.3","chi",3744707,8,"-","CCACCAGC",272
"831","U00096.3","chi",3752906,8,"-","CCACCAGC",272
"832","U00096.3","chi",3757497,8,"-","CCACCAGC",272
"833","U00096.3","chi",3762815,8,"+","GCTGGTGG",256
"834","U00096.3","chi",3764615,8,"+","GCTGGTGG",256
"835","U00096.3","chi",3774148,8,"-","CCACCAGC",272
"836","U00096.3","chi",3776724,8,"-","CCACCAGC",272
"837","U00096.3","chi",3809249,8,"-","CCACCAGC",272
"838","U00096.3","chi",3809432,8,"-","CCACCAGC",272
"839","U00096.3","chi",3810660,8,"-","CCACCAGC",272
"840","U00096.3","chi",3816114,8,"-","CCACCAGC",272
"841","U00096.3","chi",3820267,8,"-","CCACCAGC",272
"842","U00096.3","chi",3832257,8,"-","CCACCAGC",272
"843","U00096.3","chi",3842736,8,"-","CCACCAGC",272
"844","U00096.3","chi",3851770,8,"-","CCACCAGC",272
"845","U00096.3","chi",3860068,8,"-","CCACCAGC",272
"846","U00096.3","chi",3862640,8,"-","CCACCAGC",272
"847","U00096.3","chi",3864057,8,"+","GCTGGTGG",256
"848","U00096.3","chi",3864135,8,"+","GCTGGTGG",256
"849","U00096.3","chi",3867209,8,"-","CCACCAGC",272
"850","U00096.3","chi",3870461,8,"-","CCACCAGC",272
"851","U00096.3","chi",3870557,8,"-","CCACCAGC",272
"852","U00096.3","chi",3890780,8,"-","CCACCAGC",272
"853","U00096.3","chi",3897752,8,"+","GCTGGTGG",256
"854","U00096.3","chi",3899935,8,"-","CCACCAGC",272
"855","U00096.3","chi",3904808,8,"-","CCACCAGC",272
"856","U00096.3","chi",3912417,8,"-","CCACCAGC",272
"857","U00096.3","chi",3913970,8,"-","CCACCAGC",272
"858","U00096.3","chi",3916328,8,"-","CCACCAGC",272
"859","U00096.3","chi",3916350,8,"+","GCTGGTGG",256
"860","U00096.3","chi",3921964,8,"-","CCACCAGC",272
"861","U00096.3","chi",3922101,8,"-","CCACCAGC",272
"862","U00096.3","chi",3924689,8,"+","GCTGGTGG",256
"863","U00096.3","chi",3928745,8,"-","CCACCAGC",272
"864","U00096.3","chi",3930640,8,"-","CCACCAGC",272
"865","U00096.3","chi",3931153,8,"+","GCTGGTGG",256
"866","U00096.3","chi",3933419,8,"+","GCTGGTGG",256
"867","U00096.3","chi",3933879,8,"+","GCTGGTGG",256
"868","U00096.3","chi",3934188,8,"+","GCTGGTGG",256
"869","U00096.3","chi",3935578,8,"+","GCTGGTGG",256
"870","U00096.3","chi",3936367,8,"+","GCTGGTGG",256
"871","U00096.3","chi",3937662,8,"+","GCTGGTGG",256
"872","U00096.3","chi",3937830,8,"+","GCTGGTGG",256
"873","U00096.3","chi",3952990,8,"+","GCTGGTGG",256
"874","U00096.3","chi",3954462,8,"+","GCTGGTGG",256
"875","U00096.3","chi",3958686,8,"+","GCTGGTGG",256
"876","U00096.3","chi",3961309,8,"+","GCTGGTGG",256
"877","U00096.3","chi",3961363,8,"+","GCTGGTGG",256
"878","U00096.3","chi",3973528,8,"+","GCTGGTGG",256
"879","U00096.3","chi",3976829,8,"+","GCTGGTGG",256
"880","U00096.3","chi",3979107,8,"+","GCTGGTGG",256
"881","U00096.3","chi",3981285,8,"+","GCTGGTGG",256
"882","U00096.3","chi",3984175,8,"+","GCTGGTGG",256
"883","U00096.3","chi",3988860,8,"+","GCTGGTGG",256
"884","U00096.3","chi",3994896,8,"+","GCTGGTGG",256
"885","U00096.3","chi",3996095,8,"+","GCTGGTGG",256
"886","U00096.3","chi",3996739,8,"+","GCTGGTGG",256
"887","U00096.3","chi",3997572,8,"+","GCTGGTGG",256
"888","U00096.3","chi",4000109,8,"+","GCTGGTGG",256
"889","U00096.3","chi",4008471,8,"-","CCACCAGC",272
"890","U00096.3","chi",4011258,8,"+","GCTGGTGG",256
"891","U00096.3","chi",4018376,8,"+","GCTGGTGG",256
"892","U00096.3","chi",4019065,8,"+","GCTGGTGG",256
"893","U00096.3","chi",4031370,8,"+","GCTGGTGG",256
"894","U00096.3","chi",4033492,8,"+","GCTGGTGG",256
"895","U00096.3","chi",4033993,8,"+","GCTGGTGG",256
"896","U00096.3","chi",4049707,8,"+","GCTGGTGG",256
"897","U00096.3","chi",4053286,8,"+","GCTGGTGG",256
"898","U00096.3","chi",4058694,8,"+","GCTGGTGG",256
"899","U00096.3","chi",4063008,8,"+","GCTGGTGG",256
"900","U00096.3","chi",4070051,8,"+","GCTGGTGG",256
"901","U00096.3","chi",4070942,8,"+","GCTGGTGG",256
"902","U00096.3","chi",4074248,8,"+","GCTGGTGG",256
"903","U00096.3","chi",4077233,8,"+","GCTGGTGG",256
"904","U00096.3","chi",4090665,8,"-","CCACCAGC",272
"905","U00096.3","chi",4095230,8,"+","GCTGGTGG",256
"906","U00096.3","chi",4101917,8,"+","GCTGGTGG",256
"907","U00096.3","chi",4102028,8,"+","GCTGGTGG",256
"908","U00096.3","chi",4105346,8,"-","CCACCAGC",272
"909","U00096.3","chi",4106594,8,"+","GCTGGTGG",256
"910","U00096.3","chi",4106606,8,"+","GCTGGTGG",256
"911","U00096.3","chi",4107842,8,"+","GCTGGTGG",256
"912","U00096.3","chi",4117175,8,"+","GCTGGTGG",256
"913","U00096.3","chi",4119698,8,"-","CCACCAGC",272
"914","U00096.3","chi",4120734,8,"+","GCTGGTGG",256
"915","U00096.3","chi",4125263,8,"+","GCTGGTGG",256
"916","U00096.3","chi",4131010,8,"+","GCTGGTGG",256
"917","U00096.3","chi",4131781,8,"+","GCTGGTGG",256
"918","U00096.3","chi",4135667,8,"+","GCTGGTGG",256
"919","U00096.3","chi",4137241,8,"+","GCTGGTGG",256
"920","U00096.3","chi",4144507,8,"+","GCTGGTGG",256
"921","U00096.3","chi",4146196,8,"+","GCTGGTGG",256
"922","U00096.3","chi",4148103,8,"-","CCACCAGC",272
"923","U00096.3","chi",4154933,8,"-","CCACCAGC",272
"924","U00096.3","chi",4155545,8,"-","CCACCAGC",272
"925","U00096.3","chi",4157263,8,"+","GCTGGTGG",256
"926","U00096.3","chi",4158678,8,"+","GCTGGTGG",256
"927","U00096.3","chi",4161165,8,"+","GCTGGTGG",256
"928","U00096.3","chi",4166096,8,"+","GCTGGTGG",256
"929","U00096.3","chi",4188523,8,"+","GCTGGTGG",256
"930","U00096.3","chi",4191898,8,"+","GCTGGTGG",256
"931","U00096.3","chi",4195547,8,"+","GCTGGTGG",256
"932","U00096.3","chi",4196934,8,"+","GCTGGTGG",256
"933","U00096.3","chi",4202000,8,"+","GCTGGTGG",256
"934","U00096.3","chi",4202648,8,"+","GCTGGTGG",256
"935","U00096.3","chi",4206830,8,"+","GCTGGTGG",256
"936","U00096.3","chi",4213847,8,"-","CCACCAGC",272
"937","U00096.3","chi",4224301,8,"+","GCTGGTGG",256
"938","U00096.3","chi",4224334,8,"+","GCTGGTGG",256
"939","U00096.3","chi",4228468,8,"+","GCTGGTGG",256
"940","U00096.3","chi",4233904,8,"+","GCTGGTGG",256
"941","U00096.3","chi",4237060,8,"+","GCTGGTGG",256
"942","U00096.3","chi",4240092,8,"+","GCTGGTGG",256
"943","U00096.3","chi",4240946,8,"-","CCACCAGC",272
"944","U00096.3","chi",4243581,8,"-","CCACCAGC",272
"945","U00096.3","chi",4244994,8,"-","CCACCAGC",272
"946","U00096.3","chi",4247224,8,"+","GCTGGTGG",256
"947","U00096.3","chi",4248490,8,"+","GCTGGTGG",256
"948","U00096.3","chi",4272958,8,"-","CCACCAGC",272
"949","U00096.3","chi",4280252,8,"+","GCTGGTGG",256
"950","U00096.3","chi",4285760,8,"-","CCACCAGC",272
"951","U00096.3","chi",4291168,8,"+","GCTGGTGG",256
"952","U00096.3","chi",4291222,8,"+","GCTGGTGG",256
"953","U00096.3","chi",4291914,8,"-","CCACCAGC",272
"954","U00096.3","chi",4292170,8,"+","GCTGGTGG",256
"955","U00096.3","chi",4292555,8,"+","GCTGGTGG",256
"956","U00096.3","chi",4292663,8,"+","GCTGGTGG",256
"957","U00096.3","chi",4294669,8,"+","GCTGGTGG",256
"958","U00096.3","chi",4301741,8,"+","GCTGGTGG",256
"959","U00096.3","chi",4307101,8,"+","GCTGGTGG",256
"960","U00096.3","chi",4321098,8,"+","GCTGGTGG",256
"961","U00096.3","chi",4322114,8,"+","GCTGGTGG",256
"962","U00096.3","chi",4332160,8,"+","GCTGGTGG",256
"963","U00096.3","chi",4334244,8,"+","GCTGGTGG",256
"964","U00096.3","chi",4341506,8,"+","GCTGGTGG",256
"965","U00096.3","chi",4372261,8,"+","GCTGGTGG",256
"966","U00096.3","chi",4373389,8,"+","GCTGGTGG",256
"967","U00096.3","chi",4379258,8,"-","CCACCAGC",272
"968","U00096.3","chi",4386187,8,"+","GCTGGTGG",256
"969","U00096.3","chi",4396355,8,"+","GCTGGTGG",256
"970","U00096.3","chi",4401274,8,"+","GCTGGTGG",256
"971","U00096.3","chi",4405422,8,"+","GCTGGTGG",256
"972","U00096.3","chi",4406603,8,"+","GCTGGTGG",256
"973","U00096.3","chi",4414901,8,"+","GCTGGTGG",256
"974","U00096.3","chi",4421803,8,"+","GCTGGTGG",256
"975","U00096.3","chi",4423807,8,"+","GCTGGTGG",256
"976","U00096.3","chi",4437204,8,"+","GCTGGTGG",256
"977","U00096.3","chi",4440258,8,"-","CCACCAGC",272
"978","U00096.3","chi",4441612,8,"+","GCTGGTGG",256
"979","U00096.3","chi",4443425,8,"+","GCTGGTGG",256
"980","U00096.3","chi",4444194,8,"-","CCACCAGC",272
"981","U00096.3","chi",4448829,8,"+","GCTGGTGG",256
"982","U00096.3","chi",4452449,8,"+","GCTGGTGG",256
"983","U00096.3","chi",4456501,8,"+","GCTGGTGG",256
"984","U00096.3","chi",4459068,8,"+","GCTGGTGG",256
"985","U00096.3","chi",4463942,8,"+","GCTGGTGG",256
"986","U00096.3","chi",4485147,8,"-","CCACCAGC",272
"987","U00096.3","chi",4512012,8,"+","GCTGGTGG",256
"988","U00096.3","chi",4515304,8,"+","GCTGGTGG",256
"989","U00096.3","chi",4519450,8,"-","CCACCAGC",272
"990","U00096.3","chi",4535104,8,"+","GCTGGTGG",256
"991","U00096.3","chi",4549127,8,"-","CCACCAGC",272
"992","U00096.3","chi",4554758,8,"+","GCTGGTGG",256
"993","U00096.3","chi",4555064,8,"+","GCTGGTGG",256
"994","U00096.3","chi",4560552,8,"-","CCACCAGC",272
"995","U00096.3","chi",4561117,8,"-","CCACCAGC",272
"996","U00096.3","chi",4562037,8,"-","CCACCAGC",272
"997","U00096.3","chi",4569465,8,"+","GCTGGTGG",256
"998","U00096.3","chi",4576831,8,"+","GCTGGTGG",256
"999","U00096.3","chi",4588475,8,"-","CCACCAGC",272
"1000","U00096.3","chi",4590964,8,"-","CCACCAGC",272
"1001","U00096.3","chi",4593123,8,"+","GCTGGTGG",256
"1002","U00096.3","chi",4596487,8,"+","GCTGGTGG",256
"1003","U00096.3","chi",4612734,8,"+","GCTGGTGG",256
"1004","U00096.3","chi",4624675,8,"+","GCTGGTGG",256
"1005","U00096.3","chi",4626841,8,"+","GCTGGTGG",256
"1006","U00096.3","chi",4628427,8,"+","GCTGGTGG",256
"1007","U00096.3","chi",4639158,8,"+","GCTGGTGG",256
"1008","U00096.3","chi",4639404,8,"+","GCTGGTGG",256
